-- phpMyAdmin SQL Dump
-- version 5.2.0
-- https://www.phpmyadmin.net/
--
-- Máy chủ: 127.0.0.1
-- Thời gian đã tạo: Th6 23, 2023 lúc 03:21 PM
-- Phiên bản máy phục vụ: 10.4.27-MariaDB
-- Phiên bản PHP: 7.4.33

SET SQL_MODE = "NO_AUTO_VALUE_ON_ZERO";
START TRANSACTION;
SET time_zone = "+00:00";


/*!40101 SET @OLD_CHARACTER_SET_CLIENT=@@CHARACTER_SET_CLIENT */;
/*!40101 SET @OLD_CHARACTER_SET_RESULTS=@@CHARACTER_SET_RESULTS */;
/*!40101 SET @OLD_COLLATION_CONNECTION=@@COLLATION_CONNECTION */;
/*!40101 SET NAMES utf8mb4 */;

--
-- Cơ sở dữ liệu: `ql_banhang`
--

-- --------------------------------------------------------

--
-- Cấu trúc bảng cho bảng `account`
--

CREATE TABLE `account` (
  `id` int(11) NOT NULL,
  `TaiKhoan` varchar(30) NOT NULL,
  `MatKhau` varchar(100) NOT NULL,
  `HoTen` varchar(50) NOT NULL,
  `SoDienThoai` varchar(20) NOT NULL,
  `Email` varchar(50) NOT NULL,
  `DiaChi` varchar(100) NOT NULL,
  `GioiTinh` int(11) NOT NULL,
  `NgayTao` datetime NOT NULL,
  `role` int(11) NOT NULL
) ENGINE=InnoDB DEFAULT CHARSET=utf8 COLLATE=utf8_unicode_ci;

--
-- Đang đổ dữ liệu cho bảng `account`
--

INSERT INTO `account` (`id`, `TaiKhoan`, `MatKhau`, `HoTen`, `SoDienThoai`, `Email`, `DiaChi`, `GioiTinh`, `NgayTao`, `role`) VALUES
(1, 'nguyenvantruc', 'truc12345', 'Nguyễn Văn Trúc', '0363718242', 'nguyenvantruc539@gmail.com', 'Hà Nam', 2, '2019-06-02 10:29:46', 1),
(2, 'chicothelatoi', 'truc12345aA$', 'Nguyễn Văn Trúc', '0363718242', 'trucnguyen0123455@gmail.com', 'Thanh Tuyền, Hà Nam', 2, '2019-06-13 10:30:59', 0),
(6, 'chicothelatoia', 'truc12345aA$', 'Nguyễn Văn Anh', '099999999', 'trucvan509@gmail.com', 'Bắc Từ Liêm, Hà Nội', 2, '2019-06-15 10:32:09', 0),
(8, 'yeumauhong', 'truc12345aA$', 'Nguyễn Thị Bưởi', '0987654321', 'trucv9085@gmail.com', 'Minh Khai, Hà Nội', 1, '2019-06-18 11:34:40', 0),
(9, 'abcxyz', 'truc12345aA$', 'Nguyễn Thị B', '0999999998', 'trucnguyen0123455@gmail.com', 'Hà Nội', 1, '2023-06-19 21:06:10', 0);

-- --------------------------------------------------------

--
-- Cấu trúc bảng cho bảng `comment`
--

CREATE TABLE `comment` (
  `id_c` int(11) NOT NULL,
  `content` varchar(500) NOT NULL,
  `id_product` int(11) NOT NULL,
  `id_account` int(11) NOT NULL,
  `date` datetime NOT NULL,
  `TrangThai` int(11) NOT NULL
) ENGINE=InnoDB DEFAULT CHARSET=utf8 COLLATE=utf8_unicode_ci;

--
-- Đang đổ dữ liệu cho bảng `comment`
--

INSERT INTO `comment` (`id_c`, `content`, `id_product`, `id_account`, `date`, `TrangThai`) VALUES
(25, 'sản phẩm xịn ghê', 5, 2, '2023-06-09 13:37:37', 1),
(26, 'Sản phẩm còn hàng không?', 1, 6, '2023-06-12 16:47:03', 1),
(28, 'Sản phẩm này còn hàng không shop?', 2, 6, '2023-06-13 18:38:55', 1),
(32, 'Sản phẩm có được trả góp không shop?', 4, 8, '2023-06-18 12:54:52', 1),
(35, 'Bom hàng vui thật :))', 1, 8, '2023-06-18 19:34:22', 1),
(36, 'Sản phẩm có được trả góp không shop?', 28, 9, '2023-06-19 21:11:02', 0);

-- --------------------------------------------------------

--
-- Cấu trúc bảng cho bảng `donhang`
--

CREATE TABLE `donhang` (
  `id` int(11) NOT NULL,
  `TenKhachHang` varchar(20) NOT NULL,
  `DiaChi` varchar(50) NOT NULL,
  `Email` varchar(30) NOT NULL,
  `SoDienThoai` varchar(20) NOT NULL,
  `TrangThai` int(11) NOT NULL,
  `NgayTao` datetime DEFAULT NULL,
  `id_magiamgia` int(11) DEFAULT NULL,
  `TongTien` double NOT NULL,
  `id_account` int(11) NOT NULL
) ENGINE=InnoDB DEFAULT CHARSET=utf8 COLLATE=utf8_unicode_ci;

--
-- Đang đổ dữ liệu cho bảng `donhang`
--

INSERT INTO `donhang` (`id`, `TenKhachHang`, `DiaChi`, `Email`, `SoDienThoai`, `TrangThai`, `NgayTao`, `id_magiamgia`, `TongTien`, `id_account`) VALUES
(37, 'Nguyễn Văn Anh', 'Phường Minh Khai', 'trucvan509@gmail.com', '099999999', 2, '2019-06-18 15:24:08', 1, 27330000, 6),
(52, 'Nguyễn Thị Bưởi', 'Minh Khai, Hà Nội', 'trucv9085@gmail.com', '0987654321', 2, '2019-06-19 12:21:32', 3, 76030000, 8),
(53, 'Nguyễn Thị Bưởi', 'Minh Khai, Hà Nội', 'trucv9085@gmail.com', '0987654321', 2, '2020-06-19 12:21:53', NULL, 11480000, 8),
(55, 'Nguyễn Thị B', 'Hà Nội', 'trucnguyen0123455@gmail.com', '0999999998', 2, '2020-06-19 22:12:23', 3, 47830000, 9),
(56, 'Nguyễn Thị B', 'Hà Nội', 'trucnguyen0123455@gmail.com', '0999999998', 2, '2022-06-19 22:32:44', NULL, 56480000, 9),
(57, 'Nguyễn Văn Anh', 'Bắc Từ Liêm, Hà Nội', 'trucvan509@gmail.com', '099999999', 2, '2021-06-19 23:00:04', NULL, 14930000, 6),
(58, 'Nguyễn Văn Anh', 'Bắc Từ Liêm, Hà Nội', 'trucvan509@gmail.com', '099999999', 2, '2021-06-19 23:00:31', 3, 90530000, 6),
(59, 'Nguyễn Thị B', 'Hà Nội', 'trucnguyen0123455@gmail.com', '0999999998', 2, '2021-06-19 23:07:42', NULL, 52020000, 9),
(60, 'Nguyễn Thị B', 'Hà Nội', 'trucnguyen0123455@gmail.com', '0999999998', 2, '2022-06-19 23:08:07', 3, 59030000, 9),
(61, 'Nguyễn Văn Trúc', 'Thanh Tuyền, Hà Nam', 'trucnguyen0123455@gmail.com', '0363718242', 3, '2023-06-20 08:15:25', 3, 125430000, 2),
(62, 'Nguyễn Văn Trúc', 'Thanh Tuyền, Hà Nam', 'trucnguyen0123455@gmail.com', '0363718242', 2, '2022-06-20 08:18:26', 3, 27330000, 2),
(63, 'Nguyễn Văn Trúc', 'Thanh Tuyền, Hà Nam', 'trucnguyen0123455@gmail.com', '0363718242', 2, '2022-06-20 08:19:38', 3, 148080000, 2),
(64, 'Nguyễn Văn Trúc', 'Thanh Tuyền, Hà Nam', 'trucnguyen0123455@gmail.com', '0363718242', 2, '2023-06-20 09:26:59', NULL, 29830000, 2),
(65, 'Nguyễn Văn Trúc', 'Thanh Tuyền, Hà Nam', 'trucnguyen0123455@gmail.com', '0363718242', 2, '2023-06-20 11:23:36', NULL, 32680000, 2),
(66, 'Nguyễn Văn Anh', 'Bắc Từ Liêm, Hà Nội', 'trucvan509@gmail.com', '099999999', 2, '2023-06-20 11:58:22', NULL, 144180000, 6),
(67, 'Nguyễn Văn Anh', 'Bắc Từ Liêm, Hà Nội', 'trucvan509@gmail.com', '099999999', 2, '2023-06-20 12:02:14', NULL, 35780000, 6),
(68, 'Nguyễn Văn Anh', 'Bắc Từ Liêm, Hà Nội', 'trucvan509@gmail.com', '099999999', 2, '2023-06-20 12:09:28', NULL, 27930000, 6),
(69, 'Nguyễn Văn Anh', 'Bắc Từ Liêm, Hà Nội', 'trucvan509@gmail.com', '099999999', 0, '2023-06-20 12:28:10', NULL, 21480000, 6);

-- --------------------------------------------------------

--
-- Cấu trúc bảng cho bảng `giohang`
--

CREATE TABLE `giohang` (
  `id` int(11) NOT NULL,
  `id_SanPham` int(11) NOT NULL,
  `id_account` int(11) NOT NULL,
  `id_DonHang` int(11) DEFAULT NULL,
  `DonGiaBan` double NOT NULL,
  `SoLuongBan` int(11) NOT NULL,
  `TrangThai` int(11) NOT NULL
) ENGINE=InnoDB DEFAULT CHARSET=utf8 COLLATE=utf8_unicode_ci;

--
-- Đang đổ dữ liệu cho bảng `giohang`
--

INSERT INTO `giohang` (`id`, `id_SanPham`, `id_account`, `id_DonHang`, `DonGiaBan`, `SoLuongBan`, `TrangThai`) VALUES
(96, 7, 6, 37, 5250000, 4, 1),
(97, 5, 6, 37, 5150000, 2, 1),
(120, 28, 8, 52, 20500000, 3, 1),
(121, 21, 8, 52, 9250000, 2, 1),
(122, 56, 8, 53, 11450000, 1, 1),
(127, 5, 8, 55, 5150000, 2, 1),
(129, 3, 9, 55, 5950000, 4, 1),
(130, 4, 9, 55, 6550000, 2, 1),
(132, 4, 9, 56, 6550000, 2, 1),
(134, 2, 9, 56, 13950000, 2, 1),
(135, 5, 9, 56, 5150000, 3, 1),
(136, 28, 9, 57, 20500000, 2, 1),
(138, 69, 6, 58, 31500000, 3, 1),
(139, 11, 9, 59, 4890000, 6, 1),
(140, 12, 9, 59, 7550000, 3, 1),
(141, 69, 9, 60, 31500000, 2, 1),
(145, 69, 2, 61, 31500000, 3, 1),
(146, 36, 2, 61, 17450000, 2, 1),
(147, 7, 2, 62, 5250000, 4, 1),
(148, 5, 2, 62, 5150000, 2, 1),
(149, 12, 2, 63, 7550000, 3, 1),
(150, 69, 2, 63, 31500000, 3, 1),
(151, 36, 2, 63, 17450000, 2, 1),
(158, 1, 2, 64, 7450000, 4, 1),
(159, 1, 2, 65, 7450000, 3, 1),
(160, 5, 2, 65, 5150000, 2, 1),
(161, 54, 6, 66, 25450000, 3, 1),
(162, 53, 6, 66, 16950000, 4, 1),
(163, 12, 6, 67, 7550000, 3, 1),
(164, 4, 6, 67, 6550000, 2, 1),
(165, 2, 6, 68, 13950000, 2, 1),
(166, 1, 6, 69, 7450000, 2, 1),
(167, 4, 6, 69, 6550000, 1, 1);

-- --------------------------------------------------------

--
-- Cấu trúc bảng cho bảng `loaisanpham`
--

CREATE TABLE `loaisanpham` (
  `id` int(11) NOT NULL,
  `TenLoai` varchar(20) NOT NULL,
  `TrangThai` int(11) NOT NULL
) ENGINE=InnoDB DEFAULT CHARSET=utf8 COLLATE=utf8_unicode_ci;

--
-- Đang đổ dữ liệu cho bảng `loaisanpham`
--

INSERT INTO `loaisanpham` (`id`, `TenLoai`, `TrangThai`) VALUES
(1, 'Realme', 1),
(2, 'Vivo', 1),
(3, 'Oppo', 1),
(4, 'Samsung Galaxy', 1),
(5, 'Iphone', 1),
(6, 'Lenovo', 1),
(7, 'Xiaomi', 1),
(8, 'VSmart', 1),
(9, 'Sony', 1),
(10, 'Asus', 1);

-- --------------------------------------------------------

--
-- Cấu trúc bảng cho bảng `magiamgia`
--

CREATE TABLE `magiamgia` (
  `id` int(11) NOT NULL,
  `code` varchar(20) NOT NULL,
  `SoTienGiam` double NOT NULL,
  `SoLanNhap` int(11) NOT NULL,
  `SoLanDaNhap` int(11) NOT NULL,
  `NgayHetHan` datetime NOT NULL,
  `DonHangToiThieu` double NOT NULL,
  `NgayTao` datetime NOT NULL,
  `TrangThai` int(11) NOT NULL
) ENGINE=InnoDB DEFAULT CHARSET=utf8 COLLATE=utf8_unicode_ci;

--
-- Đang đổ dữ liệu cho bảng `magiamgia`
--

INSERT INTO `magiamgia` (`id`, `code`, `SoTienGiam`, `SoLanNhap`, `SoLanDaNhap`, `NgayHetHan`, `DonHangToiThieu`, `NgayTao`, `TrangThai`) VALUES
(1, 'abc123', 500000, 26, 2, '2023-06-23 00:00:00', 3000000, '2022-06-06 00:00:00', 1),
(2, 'giamgia123', 1000000, 26, 8, '2023-09-09 00:00:00', 7000000, '2023-06-06 00:00:00', 1),
(3, 'yeumauhong', 4000000, 26, 13, '2024-09-09 00:00:00', 18000000, '2021-09-09 00:00:00', 1);

-- --------------------------------------------------------

--
-- Cấu trúc bảng cho bảng `nhacungcap`
--

CREATE TABLE `nhacungcap` (
  `id` int(11) NOT NULL,
  `TenNhaCungCap` varchar(50) NOT NULL,
  `DiaChi` varchar(100) NOT NULL,
  `SoDienThoai` varchar(20) NOT NULL,
  `NgayTao` date NOT NULL
) ENGINE=InnoDB DEFAULT CHARSET=utf8 COLLATE=utf8_unicode_ci;

--
-- Đang đổ dữ liệu cho bảng `nhacungcap`
--

INSERT INTO `nhacungcap` (`id`, `TenNhaCungCap`, `DiaChi`, `SoDienThoai`, `NgayTao`) VALUES
(1, 'Phụ kiện bán buôn', 'Võ Nguyên Giáp, Đông Anh, Hà Nội, Việt Nam', '0999877765', '2023-06-01'),
(2, 'Thế giới di động', '217A Quốc Lộ 15, P. Tây Tiến, Tp. Biên Hòa', '02516290632', '2023-06-01'),
(3, 'Điện thoại Quảng Ngãi', '851 Quang Trung, Nghĩa Chánh, TP. Quảng Ngãi', '0989406579', '2023-06-01'),
(4, 'Công ty thương mại và dịch vụ', '65 Lương Hữu Khánh, P. Phạm Ngũ Lão', '02839638998', '2023-06-01');

-- --------------------------------------------------------

--
-- Cấu trúc bảng cho bảng `phanhoi_comment`
--

CREATE TABLE `phanhoi_comment` (
  `id` int(11) NOT NULL,
  `PhanHoi` varchar(100) NOT NULL,
  `id_comment` int(11) NOT NULL,
  `NgayPhanHoi` datetime NOT NULL
) ENGINE=InnoDB DEFAULT CHARSET=utf8 COLLATE=utf8_unicode_ci;

--
-- Đang đổ dữ liệu cho bảng `phanhoi_comment`
--

INSERT INTO `phanhoi_comment` (`id`, `PhanHoi`, `id_comment`, `NgayPhanHoi`) VALUES
(1, 'Còn hàng bạn ạ', 26, '2023-06-12 00:00:00'),
(2, 'Cảm ơn bạn đã phản hồi shop', 25, '2023-06-13 18:31:18'),
(3, 'Sản phẩm này shop còn hàng bạn ạ', 28, '2023-06-13 18:39:54'),
(4, 'Sản phẩm này không có chương trình khuyến mại ạ', 32, '2023-06-18 15:52:44'),
(5, 'À thế à', 35, '2023-06-19 22:14:32');

-- --------------------------------------------------------

--
-- Cấu trúc bảng cho bảng `sanpham`
--

CREATE TABLE `sanpham` (
  `id` int(11) NOT NULL,
  `LoaiSP` int(11) NOT NULL,
  `TenSP` varchar(100) NOT NULL,
  `Avatar` varchar(100) NOT NULL,
  `MoTa` varchar(1000) NOT NULL,
  `MoTaChiTiet` varchar(8000) NOT NULL,
  `NhaCungCap` int(11) NOT NULL,
  `SoLuong` int(11) NOT NULL,
  `SoLuongMua` int(11) NOT NULL,
  `Gia` double NOT NULL,
  `GiaGiam` double NOT NULL,
  `GiaBan` double NOT NULL,
  `NgayTao` date NOT NULL,
  `TrangThai` int(11) NOT NULL,
  `level` int(11) NOT NULL
) ENGINE=InnoDB DEFAULT CHARSET=utf8 COLLATE=utf8_unicode_ci;

--
-- Đang đổ dữ liệu cho bảng `sanpham`
--

INSERT INTO `sanpham` (`id`, `LoaiSP`, `TenSP`, `Avatar`, `MoTa`, `MoTaChiTiet`, `NhaCungCap`, `SoLuong`, `SoLuongMua`, `Gia`, `GiaGiam`, `GiaBan`, `NgayTao`, `TrangThai`, `level`) VALUES
(1, 1, 'Điện thoại Realme GT Neo 5 SE 5G (Snapdragon 7+ Gen 2, sạc 100W)', 'realme.jpg', 'Siêu phẩm Realme GT Neo 5 SE ra mắt vào lúc 13 giờ (theo giờ Việt Nam) ngày 3 tháng 4 tại thị trường Trung Quốc. Máy có màn hình 144Hz, camera 64MP chất lượng, viên pin cực khủng cùng sạc nhanh siêu tốc. Đặc biệt, máy có hiệu năng siêu mạnh với chip Snapdragon. Realme GT Neo 5 SE hứa hẹn sẽ là chiếc điện thoại tầm trung bán chạy nhất trong năm 2023.\r\n', 'Sở hữu viên pin 5500mAh cùng sạc siêu nhanh 100W giúp thiết bị có được thời lượng pin cực lâu. Chip Snapdragon 7+ Gen 2 mang đến hiệu suất siêu mạnh, màn hình AMOLED độ phân giải 1.5K tần số quét 144Hz khiến cho chiếc máy trở nên mạnh nhất.\r\n\r\nĐiểm nổi bật GT Neo 5 SE\r\nThiết bị mang đến cho người dùng màn hình OLED 1.5K 144Hz, bộ xử lý Snapdragon 7+ Gen 2 và sạc siêu nhanh 100W là một sản phẩm tiên tiến, cho phép người dùng tận hưởng trải nghiệm điện tử tuyệt vời, với hình ảnh sắc nét và tốc độ xử lý nhanh chóng, cùng với khả năng sạc nhanh tiên tiến để giúp tiết kiệm thời gian. Sau đây, phần chi tiết:\r\nMàn OLED 1.5K 144Hz\r\nMàn hình OLED 144Hz với độ phân giải 1.5K đem lại trải nghiệm hình ảnh rõ nét và mịn màng. Khả năng hiển thị 1.07 tỷ màu mang đến sự chân thật cho từng gam màu trên màn hình, tăng cường tính thẩm mỹ. Độ tương phản 5.000.000:1 giúp tăng độ sáng và độ tối, hiển thị hình ảnh sắc nét và sống động hơn.\r\n', 1, 195, 121, 7950000, 500000, 7450000, '2023-09-09', 1, 2),
(2, 1, 'Điện thoại Realme GT Neo 5 sạc 240W (Màn AMOLED 144Hz)\r\n			\r\n				', 'realme1.jpg', 'Ngày 09/02/2023, Realme GT Neo 5 sạc 240W chính thức được trình làng. Đây là siêu phẩm tầm trung cận cao cấp sở hữu sạc nhanh nhất thế giới, chip Snapdragon mạnh mẽ hàng đầu, màn hình độ phân giải cao, camera Sony cao cấp nhưng mức giá lại rất phải chăng. Điều này chứng tỏ rằng Realme GT Neo 5 sạc 240W sẽ là chiếc điện thoại vô đói trong tầm giá.', 'Ngoài việc, Realme GT Neo 5 là một chiếc điện thoại có thiết kế vô cùng đẹp ra, máy sở hữu phần cùng vô đối trong tầm giá. Điển hình là công suất sạc nhanh nhất thế giới với 240W, màn hình AMOLED tần số quét cực cao 144Hz kèm độ phân giải 1.5K, chip Snapdragon 8+ gen 1 mạnh mẽ hàng đầu và camera chính 50MP cảm biến cao cấp của Sony.\r\nRealme GT Neo 5 240W nâng cấp gì?\r\nTrong tầm giá bán của GT Neo 5 240W, dường như không có chiếc điện thoại nào \"ngon\" hơn về cấu hình. Nên bất cứ thông số cấu hình nào chiếc máy này cũng đều vượt trội hơn, Nhưng điển hình vẫn là sạc 240W, chip Snapdragon siêu mạnh, camera chất lượng và RAM khủng.\r\nSạc siêu nhanh 240W\r\nĐã có rất nhiều reviewer thử nghiệm với công suất sạc của GT Neo 5 240W để xem liệu thực tế có đúng với công bố hay không. Và kết qua cũng rất bất ngờ, với cho trường hợp thời gian sạc đầy pin đều khá tiệm cận với thời gian sạc được nhà sản xuất công bố. Theo đó, bạn hoàn toàn có thể sạc đầy viên pin 4600mAh của máy chỉ trong vòng trên dưới 10 phút.', 1, 52, 65, 14950000, 1000000, 13950000, '2023-08-09', 1, 1),
(3, 1, 'Điện thoại Realme GT Neo 3 (Sạc 150W - Dimensity 8100)	\r\n				', 'realme2.png\r\n', 'Điện thoại Realme GT Neo 3 150W là phiên bản khác của Realme GT Neo 3 tiêu chuẩn được ra mắt ngày 22 tháng 3 năm 2022. Tuy có thiết kế, chip, màn hình, camera hoàn toàn giống với Neo3 bản thường chỉ khác nhau về pin, sạc và dung lượng lưu trữ. Như tên gọi của nó, Realme GT Neo 3 150W với công suất sạc 150W nhanh nhất thế giới ở thời điểm ra mắt.', 'Chip & GPU\r\nTrái tim của Neo 3 150W là bộ xử lý trung tâm Dimensity 8100 với tiến trình 5nm cho khả năng tiết kiệm điện năng hiệu quả vượt trội. Chip bao gồm 8 nhân với 4 nhân Cortex-A78 có xung nhịp 2,85 GHz cùng 4 nhân Cortex-A55 chạy ở tốc độ 2 GHz, với gần 200 nghìn điểm AuTuTu CPU cho khả năng xử lý các tác vụ từ nhẹ đến nặng mượt mà, nhanh chóng. GPU Mali-G610 MC6 cho ra điểm AnTuTu lên tới hơn 300 nghìn điêm, khiến việc xử lý hình ảnh sắc nét, hiệu ứng đẹp mắt.\r\nBộ nhớ\r\nMáy được trang bị RAM LPDDR5 tốc độ siêu nhanh giúp người dùng đa nhiệm mượt mà nhanh chóng. Dung lượng RAM 8-12GB thoải mái mở nhiều ứng dụng mà không lo giật lag. Kết hợp với bộ nhớ trong UFS 3.1 256GB cho người dùng thoải mái lưu trữ dữ liệu, hình ảnh, video.\r\nThiết kế\r\nCũng như trên Neo 3 bản thường, Realme GT Neo 3 bản sạc 150W có 3 màu sắc lựa chọn: Đen, Xanh và Trắng. Bản màu đen trang nhã, ôn hòa phù hợp những người thích trầm tính, hay người lớn tuổi hơn chút. Các tùy chọn màu Xanh và Trắng đêì có 2 vạch thẳng ở phần cụm camera dọc theo mặt sau, tạo nên vẻ cá tính mạnh mẽ cho người sở hữu.', 1, 70, 32, 8450000, 2500000, 5950000, '2022-09-09', 1, 2),
(4, 1, 'Điện thoại Realme Q5 Pro (Snapdragon 870)', 'realme3.png', 'Điện thoại Realme Q5 Pro ra mắt với mục đích nối tiếp thành công của Q3 Pro đã gây bão trên thị trường điện thoại xách tay trong năm 2021, vì những tính năng, cấu hình mà nó mang lại vượt xa so với giá bán. Mẫu điện thoại này được trang bị chip khủng, camera chất lượng, màn hình AMOLED đẹp, pin trâu, sạc siêu nhanh. Với mức giá phải chăng khiến Realme Q5 Pro trở thành chiếc máy bán chạy nhất.\r\n', 'Điểm nổi bật của Q5 Pro\r\nRealme trang bị cho Q5 5G rất nhiều tính năng bên cạnh phần cứng nổi bật. Cụ thể, thiết bị chạy chip Snapdragon 870 siêu mạnh, màn hình AMOLED 120Hz cao cấp, pin lớn lên tới 5000mAh và sạc siêu nhanh 80W. Sau đây là phần chi tiết:\r\n\r\nChip Snapdragon 870\r\nVới con chip Snapdragon 870 5G, Q5 5G trở thành chiếc máy mạnh mẽ nhất trong tầm giá. Đây là con chip nâng cấp nhẹ của Snapdragon 865 bằng cách nâng xung nhịp CPU. So với thế hệ trước nó có hiệu suất CPU và GPU đều mạnh hơn 10% kết hợp với bộ nhớ trong UFS 3.1 cho tốc độ xử lý các tác vụ siêu nhanh, nhạy.\r\n\r\nPin trâu 5000mAh\r\nNạp đầy năng lượng và chơi game liên tục trong nhiều giờ. Viên pin lớn 5000mAh áp dụng công nghệ kết nối nối tiếp hai ô, có hiệu suất sạc cao hơn và cung cấp năng lượng lâu dài cho Q5 Pro, cho phép bạn chơi đến cùng. Ngoài ra còn có một công cụ sức khỏe pin mới để bảo vệ hiệu quả tuổi thọ pin và kéo dài trải nghiệm người dùng.', 1, 111, 79, 6950000, 400000, 6550000, '2022-09-09', 1, 1),
(5, 1, 'Điện thoại Realme 10 Pro Plus 5G (Dimensity 1080)	\r\n				', 'realme4.jpg', 'Điện thoại Realme 10 Pro Plus 5G đã được công ty Trung Quốc là Realme giới thiệu vào ngày 17 tháng 11 năm 2022, với vị thế là một chiếc điện thoại tầm trung cực đáng mua trong nửa cuối năm 2022. Mẫu Realme 10 Pro Plus 5G đã nhận được sự chú ý của đông đảo người dùng do những gì máy mang lại vượt quá phân khúc tầm trung, nhất là vẻ bề ngoài cực cao cấp.', 'Màn hình 1 tỷ màu\r\nMàn hình điện thoại càng được đầu tư bao nhiều thì mắt người dùng càng được bảo vệ bấy nhiêu. Vì thế Realme đã trang bị cho màn hình 10 Pro+ tấm nền cao cấp AMOLED 1 tỷ màu được uốn cong, độ tương phản cao và tốc độ lấy mẫu cảm ứng tức thời cao.\r\n\r\nCamera 108MP\r\nCamera 3 ống kính với cảm chính lên tới 108MP cực khủng. Với chế độ siêu nét bạn có thể sáng tạo với các tính năng: chụp ảnh đường phố chuẩn Pro, ảnh thiếu sáng rõ nét, HDR, chân dung và rất nhiều tính năng được xử lý bằng AI.\r\n\r\nMàn hình 1 tỷ màu\r\nMàn hình điện thoại càng được đầu tư bao nhiều thì mắt người dùng càng được bảo vệ bấy nhiêu. Vì thế Realme đã trang bị cho màn hình 10 Pro+ tấm nền cao cấp AMOLED 1 tỷ màu được uốn cong, độ tương phản cao và tốc độ lấy mẫu cảm ứng tức thời cao.\r\n', 1, 208, 382, 6950000, 1800000, 5150000, '2022-09-09', 1, 1),
(6, 1, 'Điện thoại Realme 10 Pro 5G (China - Camera 108MP)', 'realme6.jpg', 'Ngày 17/11/2022, Realme đã trình làng bộ đôi điện thoại Realme 10 Pro 5G và 10 Pro+ 5G tại Trung Quốc. Hai sản phẩm này có thiết kế hoàn toàn khác nhau, bản Pro có hình dáng phẳng vuông vức còn bản Pro+ thì có màn hình cong, các cạnh được bo cong dễ dàng cầm nắm. Điện thoại Realme 10 Pro có màn hình lớn, viền siêu mỏng cùng viên pin lớn.', 'Màn hình 120Hz\r\nMàn hình của Realme 10 Pro được trang bị tấm nền có kích thước là 6.72 inch, độ phân giải Full HD+ mang lại cho người dùng những hình ảnh cực sắc nét. Bên cạnh đó, Realme 10 Pro được trang bị tấm nền IPS LCD giúp mang đến độ tươi, độ sáng cao để người dùng có thể thưởng thức những thước phim sống động với hình ảnh rõ ràng, màu sắc chân thật hơn.\r\n\r\nChip Snapdragon 695 5G\r\nVề cấu hình, Realme 10 Pro được trang bị hiệu năng tương đối khỏe của con chip Snapdragon 695, một bộ vi xử lý rất chi là quen thuộc trên những mẫu điện thoại trong tầm giá dưới 6 triệu.\r\n\r\nCamera siêu khủng 108MP\r\nỐng kính chính 108MP với kiến trúc hình ảnh HyperShot hàng đầu được phân cấp và quy trình xử lý thuật toán hình ảnh được tối ưu hóa hoàn toàn, kết hợp sức mạnh nền tảng tính toán và RAW. Nâng cấp gấp đôi thuật toán miền mang lại những cải tiến đột phá về tốc độ ba chiều.', 1, 360, 90, 6450000, 2900000, 3550000, '2022-08-09', 1, 2),
(7, 1, 'Điện thoại Realme 10 5G (Dimensity 700 - Màn 90Hz - RAM 8GB)	', 'realme6.png', 'Điện thoại Realme 10 5G đã được công bố ra mắt sau hơn nửa năm kể từ khi chiếc Realme 9 được giới thiệu đến người dùng, hãng sản xuất smartphone đến từ Trung Quốc lại cho ra mắt phiên bản kế nhiệm mới mang đến sự thay đổi về mặt ngoại hình, đồng thời nâng cấp hiệu năng nhằm mang đến trải nghiệm tối ưu nhất cho người dùng trong phân khúc điện thoại tầm trung, giá rẻ. Thiết bị, mang tên Realme 10 5G ra mắt với chip tâm trung mạnh mẽ và thiết kế vuông vức đẹp mắt.', 'Thiết kế bóng bẩy, vuông vức, sang trọng\r\nRealme thế hệ 10 mới ra mắt chủ yếu tập trung vào thiết kế. Toàn bộ mặt sau được gia công cẩn thận để tạo ra bề mặt giống như kính mặc dù nó được làm bằng nhựa. Điện thoại di động Realme mới có hai màu đen và vàng, với bề mặt được xử lý sáng và hiệu ứng tia ánh sáng do camera phát ra rất độc đáo. Cụm ba camera được làm nổi lên riêng biệt khiến mặt lưng trông đơn giản nhưng hài hòa.\r\n\r\nCamera Realme 10\r\nRealme phiên bản 10 này hỗ trợ camera 3 ống kính với cảm biến chính 50MP cùng 2 cảm biến phụ tele và macro có độ phân giải 2MP. Máy cho ra nhưng bức ảnh tươi tắn trong điều kiện đủ sáng. Phần giọt nước trên màn hình chứa camera selfie 8MP đủ để chụp ảnh \"tự sướng, quay phim và đàm thoại video sắc nét, thoải mái.\r\n\r\nPin và sạc nhanh của Realme 10\r\nCũng như nhiều thiết bị Android trên thị trường hiện nay, chiếc điện thoại Realme mới sở hữu viên pin dung lượng 5000 mAh công nghệ Li-Po tiên tiến giúp sạc thoải mái mà không lo hỏng pin, chai pin. Với các tác vụ cơ bản bạn hoàn toàn có thể sử dụng máy trong suốt ngày dài làm việc, nếu sử dụng ít có thể sang ngày thứ hai mới cần sạc pin. ', 1, 272, 508, 6450000, 1200000, 5250000, '2021-09-09', 1, 1),
(8, 1, 'Điện thoại Realme Q5 5G (Snapdragon 695 5G)\n			', 'realme7.jpg', 'Ngày 20/4/2022, Realme Q5 cùng với người đàn anh Q5 Pro đã chính thức được trình làng tại Trung Quốc. Máy sở hữu bộ thông số cấu hình ấn tượng với chip Qualcomm mạnh mẽ, pin trâu, sạc siêu nhanh, màn hình Full HD+ 120Hz mượt mà,...cùng với mức giá dưới 5 triệu khiến Realme Q5 trở thành một trong những chiếc máy thu hút sự quan tâm đông đảo người dùng.', 'Chip Snapdragon 695 5G\r\nCung cấp sức mạnh cho máy là chip Snapdragon 695 5G với tiến trình 6nm, sở hữu cấu trúc 8 nhân CPU với 2 nhân chạy ở 2.2 GHz (Kryo 660 Gold) và 6 nhân Kryo 660 Silver xung nhip 1.7 GHz cho ra hiệu suất mạnh hơn 15% so với chip tiền nhiệm. Chip sở hữu GPU Adreno 619 cho sức mạnh tăng đến 30% so với chip thế hệ trước.\r\n\r\nCamera 50MP\r\nỐng kính 50MP giúp chụp ảnh tốt hơn mọi chiếc điện thoại trong tầm giá dưới 5 triệu. Máy trang bị chế độ chụp ảnh thiếu sáng và ảnh đêm giúp dễ dàng lưu lại mọi khoảnh khắc mà không gặp vấn đề khó khăn gì.\r\n\r\nSạc 65W siêu nhanh\r\nRealme trang bị cho Q5 công nghệ sạc nhanh độc quyền SuperDART với công suất lên tới 65W giúp sạc đầy viên pin của máy chỉ mất 48ph theo công bố của nhà sản xuất.', 1, 200, 280, 4950000, 700000, 4250000, '2022-02-09', 1, 0),
(9, 2, 'Điện thoại Vivo Y20 (Chính hãng)		', 'vivo1.jpg', 'Điện thoại Vivo Y20 chính hãng giá rẻ tại Hà Nội, Tp.HCM, Đà Nẵng. Địa chỉ mua Vivo Y12s uy tín, chất lượng, bảo hành 12 tháng.\r\nNằm trong số những smartphone giá rẻ có mặt trên thị trường hiện nay, Vivo Y20 chỉ có giá bán trên thị trường khá phù hợp với túi tiền của hầu hết người sử dụng. Với những tính năng và công nghệ được trang bị thì Vivo Y20 được đánh giá là 1 lựa chọn tốt cho người sử dụng. hiện Y20 có 2 phiên bản là 2020 và 2021 chỉ khác nhau về cấu hình chip và sạc pin.', 'Đánh giá thiết kế điện thoại Vivo Y20\r\nỞ mặt trước, Vivo trang bị cho mẫu điện thoại mới của mình màn hình tràn viền thiết kế giọt nước với tên gọi Halo Fullview, tỷ lệ khung hình 20:9, cho phép Y20 hiển thị nhiều thông tin hơn trên màn hình lớn, độ phân giải HD+ cho độ chi tiết tốt, hình ảnh mịn, ít bị hạt hay vỡ. Bên cạnh đó, màn hình này còn có khả năng lọc bớt ánh sáng xanh gây hại, cho đôi mắt bạn thoải mái dễ chịu khi sử dụng điện thoại thường xuyên.\r\n\r\nĐánh giá về màn hình hiển thị của điện thoại Vivo Y20\r\nVivo Y20 được tích hợp màn hình IPS LCD 6.51 inch, độ phân giải HD+, với kích thước màn hình như này mà độ phân giải chỉ dừng lại ở HD+ thì nhìn chung cũng không được đánh giá cao, tuy nhiên vẫn khá tốt để người dùng sử dụng.\r\n\r\nĐánh giá về cấu hình của điện thoại Vivo Y20\r\nTrang bị vi xử lý Snapdragon 460 với 8 nhân tốc độ xử lý tối đa 1.8 GHz cùng GPU Andero 610 hoặc Mediatek MT6765 Helio P35 (12nm) 8 nhân cùng GPU PowerVR GE8320 trên bản 2021 giúp điện thoại chơi game ổn định với hầu hết tựa game nhẹ không đòi hỏi nhiều tài nguyên xử lý đi kèm RAM 3-4-6 GB và bộ nhớ trong ROM 64GB, giúp cho Y20 có thể xử lý đa nhiệm mượt mà cùng lúc nhiều ứng dụng, hạn chế tối đa tình trạng treo máy, thoát ứng dụng đột ngột do thiếu bộ nhớ.', 2, 440, 260, 3950000, 300000, 3650000, '2022-09-09', 1, 0),
(10, 2, 'Điện thoại Vivo Y21 Chính hãng		', 'vivo2.jpg', 'Điện thoại Vivo Y21 Chính hãng giá tốt nhất tại Hà Nội, Đà Nẵng, TP.HCM. Mua điện thoại thông minh Vivo Y21 Chính hãng uy tín, Bảo hành Chính hãng 12 tháng.\r\nTiếp nối thành công của Vivo Y20 ra mắt vào tháng 8 năm 2020 ở phân khúc giá rẻ, ngày 20 tháng 8 năm 2021 Vivo ra mắt bản kế nhiệm tiếp theo của dòng Y có tên là Vivo Y21 có thiết kế mỏng hơn 0.4mm so với thế hệ tiền nhiệm nhưng vẫn được trang bị viên pin 5000mAh. Điều này chứng tỏ, Vivo ngày càng nâng cao khả năng săp xếp linh kiện của mình sao cho tối ưu nhất.', 'Vivo Y21 được thiết kế siêu mỏng, thời trang\r\nVivo Y21 chắc chắn với thiết kế nguyên khối, công với thân hình siêu mỏng chỉ 8mm các cạnh máy được bo cong nhẹ tạo cảm giác thoải mái khi cầm nắm, giúp việc sử dụng máy lâu dài hơn.\r\n\r\nThông số kỹ thuật khá ổn, hiệu năng đủ dáp ứng cho các tác vụ\r\nVivo Y21 được cung cấp sức mạng bởi bộ vi xử lý MediaTek Helio P35 8 nhân, đủ đem đến cho người dùng thực hiện các tác vụ cơ bản và chơi các tựa game nhẹ nhàng như lướt web đọc báo, xem phim.\r\nNgoài ra, với RAM 4GB giúp bạn đa nhiệm các ứng dụng cần thiết. Đặc biệt, Vivo Y21 bạn còn có thể mở thêm RAM từ bộ nhớ trong lên đến 1GB với công nghệ RAM ảo. Đó là tính năng mà nhiều sản phẩm trong tầm giá không có.\r\n\r\nViên pin 5000 mAh cho thời lượng sử dụng máy lâu dài\r\nVivo Y21 được cung cấp năng lượng bới viên pin có dung lượng lớn 5000mAh đủ đáp ứng các tác vụ cơ bản thường ngày lâu dài. Người dùng sẽ không cần phải sạc nhiều. ', 2, 230, 280, 4290000, 200000, 4090000, '2023-04-04', 1, 1),
(11, 2, 'Điện thoại Vivo Y21s Chính hãng', 'vivo3.jpg', 'Ra mắt sau Vivo Y21 một tháng, Vivo Y21s Chính hãng là bản nâng cấp cấu hình của Vivo Y21. Các thông số như màn hình, dung lượng pin hỗ trợ sạc nhanh đều thừa hưởng từ Vivo Y21 với màn hình IPS LCD 6,51 inch, độ phân giải HD+ (720 x 1600 pixels). Máy được nâng cấp về camera và bộ vi xử lý từ bộ đôi camera 13MP và 2MP trên Y21 lên bộ ba camera 50MP + 2MP + 2MP trên Vivo Y21s và từ Helio P35 (12 nm) lên Helio G80 (12 nm) trên Vivo Y21s cho khả năng chụp ảnh quay phim và hiệu năng vượt trội với người anh của mình.', 'Ngoại hình trẻ trung đẹp mắt\r\nVivo Y21s chỉ độ dày thân máy là 8mm tạo nên sức hút về ánh nhìn, thiết kế sang trọng với mặt lưng giả kính có hiệu ứng đổi màu đẹp mắt. Các cạnh được bo cong tạp cảm giác dễ chịu khi cầm nắm. Người sở hữu điện thoại Vivo Y21s sẽ toát lên một vẻ tinh tế và thanh lịch.\r\nCảm biến vân tay cực nhanh và cực nhạy được tích hợp vào phím nguồn ở cạnh bên cho mặt lưng liền lạc và tinh tế hơn. Máy có khả năng nhận diện khuôn mặt 2D rất nhạy được phát triển bởi công nghệ trí tuệ nhân tạo AI, cho người dùng mở khóa nhanh chóng tiện lợi.\r\n\r\nMàn hình tràn viền giọt nước, kích thước lớn màu sắc tươi tắn\r\nVivo Y21s được trang bị màn hình có kích thước lên đến 6,51 inch, tấm nền IPS LCD cho khả năng hiển thị trung thực nhưng vẫn đẹp, có góc nhìn rộng dùng tốt cả ngoài trời nắng. Tuy độ phân giải chỉ là HD+ nhưng dưới sự tinh chỉnh đặc biệt của hãng máy vẫn cho khả năng hiển thị các nội dung chi tiết nhất. Máy được tích hợp chế độ lọc ánh sáng xanh giúp bạn dùng lâu mà không bị mỏi mắt.', 2, 436, 292, 5290000, 400000, 4890000, '2021-09-09', 1, 0),
(12, 2, 'Điện thoại Vivo iQOO Neo 5SE (Snapdragon 870)	', 'vivo4.jpg', 'Ngoài mẫu Neo 5S cao cấp, iQOO cũng đã công bố một mẫu điện thoại tầm trung có tên Vivo iQOO Neo 5 SE trong sự kiện diễn ra vào hôm qua tức 20/12. Thiết bị này có chung phong cách thiết kế với Neo 5S nhưng cấu hình kém cạnh hơn một chút và tất nhiên giá bán cũng rẻ hơn, hướng vào phân khúc tầm trung dành cho khách hàng có nhu cầu về cấu hình cao, đa nhiệm và chiến game nhưng giá mềm và dễ tiếp cận.\r\n', 'Màn Hình 144Hz tối ưu không gian hiển thị\r\nMặt trước của máy được trang bị màn hình IPS LCD 6.67 inch với độ phân giải Full HD+ và tần số quét lên tới 144Hz mang đến trải nghiệm giải trí bao phủ, rõ ràng.\r\n\r\nThiết kế trẻ trung với 3 màu sắc tùy trọn\r\nToàn thân máy được hoàn thiện bằng chất liệu nhựa nguyên khối, các cạnh và góc máy được bo cong nhẹ nhàng đem lại cảm giác cầm nắm thoải mái, bền bỉ trong quá trình sử dụng, kết hợp với 3 màu sắc là đen, trắng và xanh Aurora phản quang.\r\n\r\nKhả năng chụp ảnh ấn tượng\r\nVivo iQOO Neo 5SE được trang bị bao gồm một camera chính 50 MP, đi cùng với một ống kính 8 MP và một cảm biến độ sâu 2 MP ở mặt lưng. Mặt trước điện thoại có camera selfie 16 MP tích hợp trong một lỗ bấm trên màn hình, phục vụ cho nhu cầu chụp ảnh chân dung và gọi video.', 2, 431, 298, 8450000, 900000, 7550000, '2022-09-09', 1, 1),
(13, 2, 'Điện thoại Vivo iQOO 8 Pro (Snap 888+)', 'vivo5.jpg', 'So sánh với người đàn em iQOO 8 ra mắt cùng thời điểm, iQOO 8 Pro dành lợi thế khi có nhiều ưu điểm vượt trội. Điểm đầu tiên phải kể đến đó là sức mạnh tới từ con chip Snapdragon 888+. Trải nghiệm chơi game trên Vivo iQOO 8 Pro cực đã khi máy vừa có cấu hình mạnh vừa làm mát rất tốt. Nâng cấp tiếp theo là màn hình cong 2 bên cho cảm giác cầm nắm rất tốt. Tất cả khiến cho iQOO 8 Pro trờ thành sự lựa chọn thông minh nhất trong tầm giá so với chính người đàn em và các đối thủ cạnh tranh.', 'Hiệu năng siêu khủng - Cân cả thế giới game\r\niQOO 8 Pro được trang bị bộ vi xử lý Snapdragon 888+ cùng GPU Adreno 660 mạnh nhất thế giới Android thời điểm hiện tại. Với sức mạnh tới từ con chip, mọi tựa game nặng không còn là vấn đề đáng bận tâm.\r\nMáy cũng được kết hợp với dung lượng RAM LPDDR5 lên đến 12GB và bộ nhớ trong UFS 3.1 lên đến 512GB.\r\n\r\nMàn hình E5 Amoled đầu tiên trên thế giới\r\niQOO 8 Pro là điện thoại đầu tiên có màn hình Samsung E5 AMOLED mới. Nó có kích thước 6.78 inch, sử dụng công nghệ LTPO 120Hz với độ phân giải 3,200 x 1,440 pixel khiến hình ảnh hiển thị cực kì tươi tắn, sắc nét, màu đen sâu. Vivo cho biết chiếc flagship thế hệ mới của hãng cũng đã nhận được 14 chứng nhận DisplayMate A+. Nó cũng có chip hiển thị độc lập được tìm thấy trong phiên bản tiêu chuẩn và có thể chuyển đổi nội dung SDR chất lượng thấp thành HDR chất lượng cao.', 2, 444, 280, 18450000, 1200000, 17250000, '2022-09-09', 1, 2),
(14, 2, 'Điện thoại Vivo S1 Pro', 'vivo6.jpg', 'Vivo đã cho ra mắt Vivo S1 Pro với thiết kế bắt mắt, trang bị camera Pop-up theo xu hướng mới nhất và nhiều tính năng độc đáo với mức giá hợp lý, hứa hẹn mang đến cho người dùng những trải nghiệm thú vị độc nhất. Cùng MobileCity mở hộp ngay nhé', 'Camera nhiều tính năng hay, chụp hình đẹp\r\nVivo S1 Pro sở hữu 3 camera ở mặt sau với camera chính 48MP, một camera góc rộng 8MP và một camera hỗ trợ đo chiều sâu 5MP. Máy Cung cấp cho người dùng nhiều tuỳ chọn và chế độ chụp ảnh để mang đến trải nghiệm thú vị.\r\n\r\nHiệu năng mạnh mẽ, chơi game mượt mà\r\nTuy là một smartphone tập trung vào các trải nghiệm thông thường hàng ngày nhưng máy vẫn được trang chip Snapdragon 675 để mang lại hiệu năng mượt mà nhất có thể, đi kèm đó là bộ nhớ Ram 8GB và bộ nhơ trong lên đến 256GB tuỳ từng phiên bản. Máy cũng được cài sẵn hệ điều hành FunTouch OS được thiết kế dựa trên Android 9.0 Pie mới nhất.', 2, 442, 290, 5450000, 1300000, 4150000, '2022-02-04', 1, 1),
(15, 2, 'Điện thoại Vivo iQOO Z7 (Dimensity 920 5G)', 'vivo7.jpg', 'Vivo iQOO Z7 là bản kế nhiệm của iQOO Z6 đã ra mắt năm ngoái. Thiết bị có nhiều nâng cấp cải tiến như màn hình, camera, pin, đặc biệt là thiết kế so với người tiền nhiệm. iQOO Z7 hứa hẹn sẽ là mẫu điện thoại giá rẻ bán chạy nhất năm 2023.', 'Chip và GPU\r\nChiếc điện thoại iQOO mới được trang bị Snapdragon 695 5G, con chip tầm trung được nhiều hãng sử dựng cho các thiết bị của mình nhất trong 2 năm trở lại đây. Máy mang đến hiệu năng mạnh mẽ và khả năng chơi game ấn tượng. Từ các game nhẹ đến nặng, con chip Qualcomm đều có thể chiến ổn định, nhiệt lượng tỏa ra không đáng kể giúp thiết bị tối ưu hóa hiệu năng và mang lại sự mượt mà trong thời gian dài.\r\n\r\nBộ nhớ\r\nBộ nhớ  RAM 4-8GB chuẩn LPDDR4x tốc độ cao. Hệ điều hành Funtouch 13 mượt mà chỉ cần RAM 4GB là đủ đáp ứng mọi nhu cầu xử lý. Tuy nhiên để, máy đa nhiệm tốt hơn hay cần sử dụng lâu dài thì bạn nên chọn phiên bản 6GB hoặc 8GB.\r\nBộ nhớ trong UFS 2.2 có tốc độ đọc ghi tốt, khá nhanh chóng. Về khả năng lưu trữ, bạn có bộ nhớ thấp nhất là 128GB cùng thẻ nhớ ngoài microSD. Ngoài ra, nếu chọn phiên bản 256GB thì sẽ tăng được dung lượng bộ nhớ lên gấp đôi.\r\n\r\nMàn hình\r\nSản phẩm Z7 có màn hình 6,7 inch, tấm nền AMOLED Full HD+, tốc độ làm tươi màn hình 120Hz so với thế hệ tiền nhiệm, tần số quét thấp hơn nhưng việc được trang bị tấm nền AMOLED cao cấp hơn cũng là sự đánh đổi rất đáng giá. Màn hình này giúp các thiết bị của Vivo hiển thị rõ ràng, màu sắc trung thực và trong trẻo, độ mượt mà của các thao tác chạm cũng rất tốt, hỗ trợ đồ họa tốt nhất cho game.', 2, 220, 280, 4150000, 0, 4150000, '2022-08-09', 1, 0),
(16, 2, 'Điện thoại Vivo iQOO Z1 (Chip Dimensity 1000+)', 'vivo8.jpg', 'Ngày 19/5/2020, Vivo ra mắt Vivo iQOO Z1, là model đầu tiên được trang bị chip Dimensity 1000+. đặc biệt hơn nữa iQOO Z1 sẽ có màn hình với tốc độ làm tươi 144 Hz, hỗ trợ kết nối 5G đến từ MediaTek. Mời anh em xem qua video mở hộp sản phẩm để biết rõ hơn chi tiết về sản phẩm', 'Về phần chip Dimensity 1000+ trên Vivo iQOO Z1 được sản xuất trên quy trình 7 nm, có 8 nhân bao gồm 4 nhân Cortex-A77 và 4 nhân Cortex-A55, tích hợp công nghệ UltraSave của MediaTek nhằm giúp kết nối 5G tiết kiệm năng lượng hơn. Bên cạnh đó MediaTek Hyper Engine 2.0 cũng được cải tiến giúp chơi game mượt hơn và MiraVision cho hình ảnh HDR10+ rõ ràng hơn. Năm ngoái, các mẫu iQOO tung ra thị trường đều có màn hình notch kiểu giọt nước. Còn iQOO 3 và iQOO Neo3 ra mắt năm nay lại áp dụng màn hình đục lỗ, iQOO Z1 cũng theo thiết kế này.\r\n\r\nThực tế hiệu năng iQOO Z1 - Mediatek đã bớt nóng\r\n							\r\n							\r\n	                        	iQOO Z1 5G mang trong mình bộ vi xử lý Dimensity 1000+, cho điểm hiệu năng AnTuTu hơn 500 nghìn điểm, đi kèm dung lượng RAM 6 GB hoặc 8 GB và bộ nhớ lưu trữ UFS 3.1 lên tới 256 GB, được cung cấp năng lượng từ viên pin 4,500 mAh, hỗ trợ sạc nhanh lên đến 44W. Chíp Dimensity 1000+ đã đc nhà sản xuất tối ưu khá là tốt, không còn cảm giác nóng nhiều như trên các sản phẩm trước đó nữa. Đem đến cho người dùng hiệu năng khá là ổn, có thể chiến mọi tựa game một cách khá là mượt mà.', 2, 222, 267, 7450000, 400000, 7050000, '2022-04-04', 1, 0),
(17, 2, 'Điện thoại Vivo iQOO Neo 5 Lite (Snap 870)\r\n			\r\n				', 'vivo9.jpg', 'Vivo iQOO Neo 5 Lite chạy vi xử lý Snapdragon 870 hiệu năng mạnh mẽ nhưng lại có mức giá bán vô cùng hợp lý so với phiên bản Vivo iQOO Neo 5 đã ra mắt trước đó với cấu hình tương tự. Vivo iQOO Neo 5 Lite xứng đáng là một chiếc điện thoại thông minh có hiệu năng tốt trong tầm giá mà người dùng nên sở hữu.', 'Vivo iQOO Neo 5 Lite sở hữu màn hình đẹp, tần số quét cao\r\n							\r\n							\r\n	                        	Vivo iQOO Neo 5 Lite sở hữu màn hình IPS LCD đẹp, hiển thị nội dung hình ảnh chi tiết, sắc nét chưa kể màn hình này còn hỗ trợ tần số quét cao lên đến 144 Hz đem đến khả năng vuốt chạm mượt mà, trơn tru. Vivo iQOO Neo 5 Lite là chiếc máy có mức giá bán hợp lý nhưng lại trang bị màn hình đẹp, tần số quét cao hiếm có trong tầm giá.\r\n\r\nVivo iQOO Neo 5 Lite có viên pin dung lượng cao hỗ trợ sạc nhanh\r\n							\r\n							\r\n	                        	Vivo iQOO Neo 5 Lite có viên pin dung lượng cao lên đến 4500 mAh hỗ trợ sạc nhanh 44W giúp người dùng tha hồ trải nghiệm dùng máy lâu dài cả ngày dài mà không lo bị hết pin giữa chừng. Vivo iQOO Neo 5 Lite là một chiếc máy có viên pin lớn, hỗ trợ sạc nhanh nhưng lại có mức giá vô cùng hợp lý trên thị trường hiện nay.\r\n\r\nVivo iQOO Neo 5 Lite có hệ thống âm thanh loa stereo vô cùng hay\r\n							\r\n							\r\n	                        	Vivo iQOO Neo 5 Lite có hệ thống âm thanh loa stereo vô cùng hay, mang đến âm thanh chân thực, sống động giúp người dùng thỏa mãn đối với những trải nghiệm xem phim, chơi game, nghe nhạc trên máy. Vivo iQOO Neo 5 Lite xứng đáng là chiếc điện thoại thông minh có âm thanh hay với mức giá bán vô cùng hợp lý.', 2, 530, 280, 6950000, 200000, 6750000, '2022-09-09', 1, 2),
(18, 2, 'Điện thoại Vivo V27e (Helio G99, Sạc 66W)', 'vivo10.jpg', 'Ngày 1/3/23, Vivo V27e được chính thức giới thiệu cùng với V27 và V27 Pro. Tuy là sản phẩm giá rẻ nhất trong bộ 3 trên những máy vẫn được trang bị chip mạnh mẽ, màn hình đục lỗ đẹp, camera 3 ống kính hỗ trợ OIS, viên pin lớn và sạc siêu nhanh. Đặc biệt, Vivo V27e đã phá vỡ lời nguyền màn hình giọt nước trên nhiều thiết bị tầm trung của Vivo.', 'Nâng cấp mạnh mẽ Vivo V27e\r\nSo với thế hệ tiền nhiệm Vivo V25e thì V27e có những nâng cấp đáng nào mạnh mẽ vượt trội? Hãy cùng theo dõi phần so sánh hai mẫu điện thoại Vivo ngay sau đây.\r\n\r\nChip và GPU Vivo V27e\r\nMang trong minh bộ xử lý Helio G99 (6nm) với 8 nhân cấu trúc 2-6, trong đó 2 nhân Cortex-A76 chạy ở xung nhịp 2.2 GHz và 6 nhân Cortex-A55 với 2.0 GHz có khả năng tiết kiệm điện. Cùng chip đồ họa Mali-G57 MC2 cho ra điểm hiệu năng chấm bằng AnTuTu lên tới 367838 điểm có thể xử dụng tốt, mượt mà trong mọi tác vụ.\r\n\r\nBộ nhớ Vivo V27e\r\nBộ nhớ RAM thấp nhất của V27e là 8GB, đây là dung lượng RAM khá cao với giúp mọi tác vụ luôn mượt mà. Bộ nhớ trong 128GB khá dư dả để lưu trữ mọi tư liệu như ảnh, video,...\r\n\r\nMàn hình 120Hz siêu mượt\r\nVivo trang bị tấm nền màn hình AMOLED với tỷ lệ 20:9 mang đến chất lượng hiển thị sặc sỡ, màu đen sâu và khả năng vuốt chạm cực kỳ mượt mà với tần số quét 120Hz. Kích thước màn hình là 6,62 inch cùng độ phân giải 1080 x 2400px cho phép hiển thị sắc nét đến từng chi tiết và không gian trải nghiệm rộng rãi.', 2, 120, 280, 6990000, 1200000, 5790000, '2021-09-09', 1, 0),
(19, 3, 'Điện thoại OPPO A57 (Chính hãng - Pin 5000mAh, sạc 33W)', 'oppo1.jpg', 'Sản phẩm OPPO A57 là mẫu điện thoại giá rẻ đến từ OPPO với nhiều tiện ích mang đến trải nghiệm tốt nhất so với các điện thoại khác trong tầm giá. Thiết bị được ra mắt vào tháng 5/2022 sở hữu thết kế trẻ trung đẹp mắt, màn hình lớn hiện thị trung thực, viên pin trâu bò, sạc siêu nhanh SuperVOOC độc quyền cùng các tính năng chống nước, bụi khiến OPPO A57 là sự lựa chọn hàng đầu trong mức giá rẻ.', 'Sạc nhanh 33W\r\nCông nghệ sạc nhanh đọc quyền do chính OPPO phát triển SuperVOOC 33W tích hợp trên A57 giúp bạn sạc 15 phút cho viên pin 5000mAh của máy có thể xem video liên tục lên tới 4 tiếng, chỉ cần 30 phút bạn đã có thể kích viên pin từ 1-50%. Để sạc đầy, người dung chỉ cần chờ thêm hơn 30 phút nữa pin máy sẽ đủ 100%.\r\n\r\nChuẩn IPX4 & IP5X\r\nCó thể bạn chưa biết, IPXY là chỉ số cấp độ bảo vệ thiêt bị khỏi các tác nhân chính là nước và bụi. Chỉ số X phía trước là chỉ khả năng kháng bụi với 6 cấp độ từ 1 đến 6 tăng dần và 6 là mức kháng bụi tối đa. Với trường trường hợp chiếc máy A57 đạt chuẩn IP5X tức là mức độ kháng bụi ở cấp độ 5.\r\nChuẩn IPX4 & IP5X\r\nCó thể bạn chưa biết, IPXY là chỉ số cấp độ bảo vệ thiêt bị khỏi các tác nhân chính là nước và bụi. Chỉ số X phía trước là chỉ khả năng kháng bụi với 6 cấp độ từ 1 đến 6 tăng dần và 6 là mức kháng bụi tối đa. Với trường trường hợp chiếc máy A57 đạt chuẩn IP5X tức là mức độ kháng bụi ở cấp độ 5.Chuẩn IPX4 & IP5X\r\nCó thể bạn chưa biết, IPXY là chỉ số cấp độ bảo vệ thiêt bị khỏi các tác nhân chính là nước và bụi. Chỉ số X phía trước là chỉ khả năng kháng bụi với 6 cấp độ từ 1 đến 6 tăng dần và 6 là mức kháng bụi tối đa. Với trường trường hợp chiếc máy A57 đạt chuẩn IP5X tức là mức độ kháng bụi ở cấp độ 5.\r\nTrong số IP thì chỉ số sau Y là chỉ tính năng kháng nước với 8 cấp độ từ 1 đến cao nhất là. Và A57 có chỉ chuẩn kháng nước IPX4 nghĩa là cấp độ kháng nước chỉ ở mức trung bình mà thôi. Ta nói A57 có chỉ số kháng nước và bụi là IP54 và không thể ngâm được trong nước. Với các chuẩn IP67 hay IP68 thì thiết bị có thể ngâm được trong nước.', 2, 445, 240, 3990000, 200000, 3790000, '2023-05-09', 1, 1),
(20, 3, 'Điện thoại OPPO Reno6 Z', 'oppo2.jpg', 'Được ra mắt tại  thị trường Việt Nam vào cuối tháng 7 năm 2021, chiếc điện thoại thông minh tới từ OPPO mang tên OPPO Reno6 Z thực sự đã tạo nên một cơn sốt trong phân khúc giá cận cao cấp. OPPO Reno6 Z đã chiếm được một vị trí quan trọng trong trái tim của những ai đã sở hữu chiếc điện thoại này.', 'OPPO Reno6 Z thiết kế mềm mại, sang trọng\r\nCảm giác đầu tiên khi nhìn vào thiết kế mặt lưng của chiếc điện thoại này có lẽ là sự sang trọng. Cạnh viền được làm cong mềm mại khiến cho OPPO Reno6 Z nằm thoải mái trong lòng bàn tay khi sử dụng. Trọng lượng siêu nhẹ chỉ 173gram không gây mỏi tay khi thao tác lâu. \r\n\r\nMàn hình nhỏ gọn, tích hợp vân tay phía dưới màn hình\r\nSở hữu cho mình một màn hình AMOLED có độ lớn 6.4 inch cùng độ sáng tối đa lên tới 800 nits cho bạn thoải mái sử dụng điện thoại ngay cả dưới điều kiện ánh sáng mặt trời. Ngoài ra, với thiết kế camera được đục lỗ bên góc trái cho phép bạn có một không gian giải trí ấn tượng hơn, không ảnh hưởng qua nhiều đến hiển thị. Tỉ lệ màn hình so với thân máy lên tới 90.8% một con số khiến ai vừa nghe xong cũng phải kinh ngạc về màn hình của OPPO Reno6 Z.', 2, 440, 289, 7950000, 400000, 7550000, '2022-09-09', 1, 0),
(21, 3, 'Điện thoại OPPO Reno7 5G (Chính hãng)', 'oppo3.jpg', 'Khơi nguồn cảm hứng từ những ngôi sao băng rực rỡ trên không gian vũ trụ, OPPO Reno7 5G Chính hãng là một trong những siêu phẩm thuộc phân khúc cận cao cấp nhận được sự mến mộ đông đảo người dùng từ khi mới ra mắt. Không chỉ thiết kế độc đáo, hiệu năng mạnh mẽ mà OPPO Reno7 còn sở hữu tính năng camera vô cùng ấn tượng, đem đến một làn gió mới cho thị trường smartphone sôi động như hiện nay.', 'Thiết kế trẻ trung, thời thượng \r\nNếu phiên bản OPPO Reno7 Z là tâm điểm chú ý của đông đảo người dùng thì OPPO Reno7 cũng không hề kém cạnh khi sở hữu những trang bị chẳng hề lép vế. Máy sở hữu phần thiết kế khung viền được bo cong mềm mại đem đến trải nghiệm cầm nắm dễ chịu nhất cho người dùng.\r\n\r\nMàn hình hiển thị sắc nét, trải nghiệm hình ảnh chất lượng\r\nOPPO Reno7 sở hữu màn hình AMOLED, kích thước 6.43 inches, độ phân giải Full HD+ cùng tần số quét màn hình 90Hz, độ sáng tối đa 430 nits và độ sáng cực đại 600 nits. Đảm bảo chất lượng hiển thị trên chiếc điện thoại này luôn đạt được độ sắc nét đến từng chi tiết.\r\nSong song với hệ thống bán hàng MobileCity còn có hệ thống trung tâm sửa chữa bảo hàng MCCare chuyên cung cấp các dịch vụ bảo hành sửa chữa điện thoại tất cả các cấp độ: Sửa Main, Thay thế, Ép kính, Unbrick, Phần mềm, Unlock,...', 2, 460, 260, 10450000, 1200000, 9250000, '2023-01-09', 1, 2),
(23, 3, 'Điện thoại OPPO Reno6 5G (Chính hãng)', 'oppo4.jpg', 'Tháng 6 năm ngoái, bộ đôi OPPO Reno6 Z và Reno6 5G đã được nhà sản xuất Trung Quốc tung ra, cùng với các chiến lược marketing mạnh mẽ đã gây bão ở thị trường Việt Nam. Vậy, người dùng đã sở hữu các thiết bị OPPO của thể hệ trước có nên nâng cấp, hay người dùng điện thoại các hãng khác có nên mua OPPO Reno6 5G Chính hãng hay không? Hãy cùng MobileCity phân tích xem nhé.', 'Thiết kế đột phá, vẫn rất quen thuộc\r\nNhìn tổng thể, OPPO Reno6 5G có hình dáng cứng cáp, đẹp mắt, trẻ trung và sang trọng. Máy có hai mặt phẳng được ép vào và chắn bới một khung kim loại chắc chắn, các cạnh được tạo nên bởi những mặt phẳng cho máy có hình dạng vuông vức, sắc cạnh.\r\nMặt sau, chứa cụm camera hình chữ nhật với 3 ống kính được đặt theo hàng dọc rất đều nhau, phía bên phải là cụm đèn LED hỗ trợ chụp ảnh ban đêm. Logo OPPO được đặt lệch gần với góc dưởi phải tạo cảm giác đối xứng với cụm camera sau. Cách bố trí các ống kính, cụm camera cùng với logo của hãng giống với thể hệ trước tạo nên cái nét riêng của điện thoại của các nhà sản xuất Trung Quốc.\r\n\r\nMàn hình AMOLED đi kèm tốc độ làm tươi mượt mà\r\nOPPO Reno6 5G được trang bị màn hình AMOLED kích thước 6.43 inch, Full HD+ với độ phân giải 1080 x 2400 pixels cùng độ sáng tối đa 750 nits cho khả năng hiển thị tái tạo màu sắc tốt, hình ảnh độ nét cao. Ngoài ra, điện thoại phù hợp sử dụng trong mọi điều kiện ánh sáng, góc nhìn rộng do có độ tương phản cao.\r\nSong song với hệ thống bán hàng MobileCity còn có hệ thống trung tâm sửa chữa bảo hàng MCCare chuyên cung cấp các dịch vụ bảo hành sửa chữa điện thoại tất cả các cấp độ: Sửa Main, Thay thế, Ép kính, Unbrick, Phần mềm, Unlock,...', 2, 443, 289, 9950000, 200000, 9750000, '2022-09-09', 1, 3),
(24, 3, 'Điện thoại OPPO A17k (Chính hãng - Hỗ trợ IPX4)', 'oppo5.jpg', 'Smartphone OPPO A17k là phiên bản rút gọn của A17 nhưng vẫn giữ nguyên chip và viên pin khủng vốn có. Máy được trang bị chuẩn kháng nước IPX4, màn hình lớn rõ nét, hiệu năng ổn định và thiết kế vô cùng bắt mắt. Với những ưu điểm kể trên khiến OPPO A17k trở thành chiếc máy đáng mua nhất trong tầm giá.', 'Chống nước IPX4\r\nVới trang bị tính năng IPX4, chiếc A17k sẽ có khả năng bảo vệ và chống các tia nước văng. Tuy không thể ngâm được dưới nước nhưng IPX4 giúp an toàn khi đi mưa, không máy bị nước đổ lên máy.\r\n\r\nPin 5000mAh\r\nSở hữu viên pin 5000mAh công nghệ Li-Po mang đến khả năng bền bỉ, khó chai sau nhiều lần sạc. Hơn nữa, với viên pin này bạn hoàn toàn có thể an tâm sử dụng mà không cần lo đến sự cố có thể xảy ra. Dung lượng lớn cũng khiến cho thời lượng sử dụng lâu dài tới 2 ngày làm việc.\r\n\r\nCảm biến vân tay\r\nTrong tầm giá dưới 3 triệu, đa phần các nhà sản xuất sẽ loại bỏ tính năng bảo mật bằng cảm biến vân tay. OPPO muốn đem đến cho người dùng trải nghiệm tuyệt vời, tiện lợi nhất nên vẫn trang bị cảm biến vân tay 1 chạm siêu nhanh cho A17k.', 2, 444, 285, 3200000, 400000, 2800000, '2022-08-09', 1, 1),
(25, 3, 'Điện thoại OPPO A76 (Chính hãng - Snapdragon 680)	', 'oppo6.jpg', 'Mẫu điện thoại OPPO A76 ra mắt với thiết kế năng động, trẻ trung, màu sắc nổi bật, chay chip Snapdragon tầm trung mạnh mẽ, camera kép chất lượng, màn hình lớn hiển thị rõ nét, viên pin trâu và sạc siêu nhanh SuperVOOC độc quyền. Với mức giá hợp lý dễ tiếp cận với nhiều đối tượng người dùng khiến OPPO A76 trở thành mẫu điện thoại bán chạy nhất năm.', 'Điểm nổi bật OPPO A76\r\nChúng ta cùng tìm hiểu chi tiết về các điểm nổi bật làm cho A76 hơn vượt trội so với các máy khác trong cùng tầm giá.\r\n\r\nChip Snapdragon 680\r\nChipset được trang bị bên trong chiếc điện thoại là Snapdragon 680 với tiến trình sản xuất 6nm mang đến khả năng tiêu thụ điện vô cùng tiết kiệm. CPU có 8 nhân cấu trúc 4-4, với 4 nhân tốc độ cao 2.4 GHz là Kryo 265 Gold và 4 nhân Kryo 265 Silver tiết kiệm điện với xung nhịp 1.9GHz. Kết hợp với GPU mang đến hiệu suất cao duy trì lâu dài xử lý tốt mọi tác vụ trong quá trình sử dụng. \r\n\r\nMàn IPS LCD 90Hz\r\nSở hữu màn hình \"chấm O\" thời thượng với tấm nền IPS LCD chất lượng cao, độ sáng tối đa đạt được 600nit mang đến khả năng hiển thị trung thực, màu sạc tươi. Thêm vào đó, với tần số quét cao lên tới 90Hz giúp các thao tác vuốt chạm, hình ảnh chuyển động hoạt động mượt mà đên kinh ngạc.\r\n\r\nSạc nhanh 33W\r\nSạc siêu nhanh Super VOOC độc quyền OPPO giúp người dùng chỉ cần sạc 5 phút để có được 2 tiếng xem video với viên pin 5000mAh gắn trong máy. Chỉ cần 30 phút là bạn đã có 55% pin. Và chỉ mất hơn 1 tiếng chiếc điện thoại của chúng ta sẽ có viên pin đầy 100%.', 2, 220, 230, 4990000, 290000, 4700000, '2022-09-09', 1, 3),
(26, 3, 'Điện thoại OPPO Reno7 Z 5G (Chính hãng)', 'oppo7.jpg', 'OPPO Reno7 Z 5G là chiếc điện thoại cận cao cấp mới được ra mắt đầu tháng 3/2022. Máy sở hữu một ngoại hình cực kỳ bắt mắt với thiết kế vuông vức, hiện đại. Reno7 Z 5G được trang bị một con chip rất được ưa chuộng trên các mẫu điện thoại cùng phân khúc đó là Snapdragon 695. Màn hình OLED độ phân giải Full HD+ đem lại khả năng hiển thị sống động và sắc nét. Viên pin khá lớn với 4500mAh, hỗ trợ sạc nhanh 33W giúp người dùng có thể yên tâm thoải mái sử dụng.', 'Thiết kế đẹp mắt cùng LED camera độc đáo\r\nĐiểm nổi bật nhất trên OPPO Reno7 Z 5G không gì khác đó là thiết kế của máy. Nó sở hữu vẻ ngoài vuông vức, khung viên được vát phẳng và bo cong mềm mại ở 4 góc, thoại nhìn khiến ta liên tưởng đến thế hệ iPhone 13 của Apple. Dù chỉ có mặt lưng được làm từ nhựa nhưng nhờ vào khả năng xử lý hoàn hảo của OPPO, Reno7 Z 5G vẫn đem lại cảm giác cầm nắm cực kỳ chắc chắn và thoải mái.\r\nPhần mặt lưng máy chứa cụm camera với cách sắp xếp khá cân xứng. Điểm nhấn trên phần máy ảnh này là OPPO đã mạnh dạn loại bỏ đi viền camera giúp cho mặt lưng của máy gọn gàng và tinh tế hơn rất nhiều. Một điều thú vị trên cụm camera này chính là việc nó được trang bị đèn LED màu xanh bao quanh hai ống kính chính, đèn LED này sẽ phát sáng khi có thông báo, cuộc gọi hoặc khi ta cắm sạc. Các làm này của OPPO giúp Reno7 Z 5G trở nên hoàn toàn khác biệt so với những sản phẩm khác trên thị trường.\r\n\r\nĐánh giá chi tiết OPPO Reno7 Z 5G Chính hãng\r\nOPPO Reno7 Z 5G sẽ thu hút người dùng ngay từ cái nhìn đầu tiên bởi thiết kế siêu ấn tượng của nó. Đi kèm với đó là thông số kỹ thuật khá tốt trong so với các thiết bị trong cùng phân khúc. Dưới đây, hãy cùng MobileCity tìm hiểu chi tiết về chiếc máy này.', 2, 300, 280, 9450000, 500000, 8950000, '2022-09-09', 1, 2),
(27, 3, 'Điện thoại OPPO Reno9 (Snapdragon 778G)', 'oppo8.png', 'Dòng Reno của OPPO luôn chiếm được cảm tình của người dùng bởi thiết kế và các tính năng cao cấp của camera. Và OPPO Reno9 ra mắt vào ngày 24/11 cũng vậy. Thiết bị được cho là chạy chip Snapdragon 778G, camera 64MP và sạc nhanh 67W. So với người tiền nhiệm thì Reno9 có điểm gì nâng cấp, cải tiến hay không? Hãy cùng MobileCity tìm hiểu qua phần so sánh ngay sau đây nhé!', 'So sánh OPPO Reno9 với Reno8 (China)\r\nTheo các nguồn tin đáng tin cậy thì Reno9 có thiết kế được bo cong cho cảm giác cầm nắm thoải mái hơn hình dáng vuông vức của Reno8. Về màn hình, cả Reno9 và Reno8 đều sở hữu tấm nền AMOLED và độ phân giải Full HD+, nhưng Reno9 sẽ có kích thước 6,7 inch lớn hơn, tần số quét 120Hz mượt hơn và độ sáng 1000 nits cao hơn so với màn hình 6,44 inch 90Hz cùng độ sáng tối đa 800nits trên Reno8.\r\nTrang GSMArea đã tiết lộ, Reno9 sẽ được trang bị Snapdragon 778G. Tuy nhiên, Snapdragon 778G là bộ xử lý có nhiệt độ rất mát dẫn đến hiệu năng ổn định. Và trên thị trường có rất nhiều sản phẩm của nhiều thương hiệu sử dụng con chip \"quốc dân\" này.  So với chip Dimensity 1300 trên Reno8 thì nó có vẻ yếu hơn đôi chút nhưng với hiệu suất xử lý tốt mọi tác vụ từ nhẹ đến năng thì Snapdragon 778G cũng không có vẻ gì quá kém cạnh.\r\nReno8 sở hữu camera chính 50MP và được hỗ trợ bởi 2 ống kính macro và đo độ sâu ảnh đều là 2MP. Tuy nhiên thục tế thì cảm biến độ sâu được sử dụng nhiều hơn. Vì thế OPPO đã tắng camera chính lên 64MP và loại bỏ camera macro trên Reno9.', 2, 437, 292, 9490000, 240000, 9250000, '2023-06-01', 1, 3),
(28, 1, 'Điện thoại OPPO Reno10 Pro 5G (Dimensity 8200)	', 'oppo8.png', 'Ngày 24/05/2023, OPPO Reno10 Pro đã chính thức được trình làng công nghệ tại Trung Quốc. Là mẫu điện thoại thuộc dòng Reno bán chạy nhất của hãng, Reno10 Pro sở hữu chip Dimensity vô cùng mạnh mẽ, màn hình cong ấn tượng, camera đỉnh cao chất lượng, viên pin lớn cùng sạc siêu nhanh. OPPO Reno10 Pro hứa hẹn sẽ là mẫu điện thoại tốt nhất dành cho những ai yêu thích Android và thương hiệu OPPO.', 'Nâng cấp hiệu năng\r\nHai mẫu điện thoại Reno10 Pro và Reno9 Pro đều sử dụng chip Dimensity và đồ họa GPU Mali-G610 MC6. Tuy nhiên, Reno10 Pro có chip Dimensity 8200 với công nghệ 4nm cùng với 1x3.1 GHz Cortex-A78, 3x3.0 GHz Cortex-A78 và 4x2.0 GHz Cortex-A55, trong khi Reno9 Pro là chip Dimensity 8100-Max với công nghệ 5nm, 4x2.85 GHz Cortex-A78 và 4x2.0 GHz Cortex-A55.\r\n\r\nCải thiện hệ thống camera\r\nCả hai chiếc điện thoại OPPO đều có hệ thống camera chất lượng cao với nhiều tính năng tốt. Về camera chính, cả Reno10 Pro và Reno9 Pro tích hợp cảm biến 50MP của Sony.\r\n\r\nNâng cấp sạc lên 100W\r\nReno10 Pro có pin dung lượng 4600mAh lớn hơn so với 4500mAh của Reno9 Pro, do đó nếu cùng sử dụng ở cùng mức độ sử dụng, Reno10 Pro có thể sử dụng được trong thời gian lâu hơn.', 1, 48, 30, 29500000, 9000000, 20500000, '2023-06-01', 1, 3),
(29, 4, 'Điện thoại Samsung Galaxy A13 4G (Chính hãng, Camera 50MP)', 'samsung1.jpg', 'Điện thoại Samsung Galaxy A13 đã được gã khổng lồ Hàn Quốc giới thiệu vào ngày 4/3/2022. Thiết bị sở hữu màn hình lớn độ nét cao, chip mạnh mẽ do chính Samsung sản xuất, camera sau 4 ống kính cực chất, pin trâu và thiết kế đẹp mắt. Mẫu Samsung Galaxy A13 có giá bán rẻ dễ tiếp cận cùng 4 màu sắc lựa chọn Trắng, Đen, Xanh và Cam.', 'Đánh giá Samsung Galaxy A13\r\nVới thiết kế tối giản thanh lịch, màn hình 6.6 inch rộng rãi và viên pin ấn tượng 5000mAh, chiếc điện thoại Samsung Chính hãng mới mang đến cho bạn sự lựa chọn tuyệt vời cho một chiếc điện thoại vừa túi tiền. Hệ thống camera lên tới 50MP ở mặt sau giúp bạn có thể dễ dàng ghi lại những khoảnh khắc ấn tượng trong cuộc sống. Chip & GPU: \r\nMang trong mình bộ xử lý Exynos 850, có tốc độ xung nhịp tối đa là 2,0 GHz, Galaxy A13 có thể xử lý tốt mọi tác vụ cơ bản, cũng như chơi game cả người dùng. Với Galaxy A13, bạn có thể tải xuống và tận hưởng miễn phí các ứng dụng Google mới nhất cho nền tảng Android. Không chỉ vậy, nền tảng One UI tùy biến của Samsung còn mang đến giao diện người dùng đơn giản và tinh tế, giúp bạn dễ dàng tập trung vào các chức năng tiện dụng và hỗ trợ hiển thị đa tác vụ trong cùng một không gian. Bộ nhớ\r\nSản phẩm Galaxy A13 được tích hợp bộ nhớ RAM 4GB hoặc 6GB đi kèm vớ bộ nhớ trong 128GB là điểm sáng, đảm bảo cho khả năng đa nhiệm và lưu trữ tuyệt vời mà Galaxy A13 mang lại.\r\n', 1, 160, 220, 3450000, 200000, 3250000, '2023-02-02', 1, 1),
(30, 4, 'Điện thoại Samsung Galaxy Tab A7 Lite (T225 - Chính hãng)	', 'samsung2.jpg', 'Galaxy Tab A7 Lite là phiên bản rút gọn của dòng máy tính bảng \"ăn khách\" Galaxy Tab A7 thuộc thương hiệu Samsung, đáp ứng nhu cầu giải trí của khách hàng thuộc phân khúc bình dân với màn hình lớn nhưng vẫn gọn nhẹ hợp túi tiền. Samsung Galaxy Tab A7 Lite sở hữu kiểu thiết kế đặc trưng của dòng Galaxy Tab A7. Thiết bị sử dụng chất liệu nhôm với thiết kế nguyên khối giúp cho máy trở nên cao cấp hơn dù chỉ thuộc phân khúc tầm trung giá rẻ.\r\n', 'Đánh giá tổng quan về điện thoại Samsung Galaxy Tab A7 Lite.\r\nSau đây là một vài đánh gía chi tiết Samsung Galaxy Tab A7 Lite cho khách hàng tham khảo\r\nThiết kế Samsung Galaxy Tab A7 Lite siêu mỏng nhẹ.\r\nGalaxy Tab A7 Lite sở hữu kiểu thiết kế đặc trưng của dòng Galaxy Tab A7. Thiết bị sử dụng chất liệu nhôm với thiết kế nguyên khối giúp cho máy trở nên cao cấp hơn dù chỉ thuộc phân khúc tầm trung giá rẻ. Tuy được hoàn thiện từ nhôm nguyên khối, nhưng Galaxy Tab A7 Lite vẫn có độ mỏng nhẹ ấn tượng khi chỉ nặng 366 g và dày chỉ 8 mm, mang đến sự thoải mái khi cầm sử dụng trong thời gian dài. Với kích thước chỉ tương đương với một quyển sổ nên Galaxy Tab A7 Lite sẽ vô cùng gọn gàng để có thể mang theo khi cần thiết.\r\nMàn hình Samsung Galaxy Tab A7 Lite lớn hiển thị nhiều hơn, rõ hơn\r\nSamsung Galaxy Tab A7 Lite có màn hình kích thước 8.7 inch, độ phân giải cao 800 x 1340 pixel, cho chất lượng hiển thị khá, màu sắc tươi tắn, màn hình lớn có thể xem được nhiều nội dung hơn, thoải mái kéo thả, chỉnh sửa hình ảnh, văn bản dễ dàng.', 2, 260, 220, 4250000, 200000, 4050000, '2023-02-02', 1, 0),
(31, 4, 'Điện thoại Samsung Galaxy S20 cũ 5G (Snap 865)', 'samsung3.png', 'Samsung Galaxy S20 cũ hình thức 99.9%, đã có mặt tại MobileCity. Ra mắt từ tháng 2 năm 2020, S20 có thiết kế đẹp. Tuy nhỏ gọn nhưng S20 nhỏ nhất nhưng vẫn trang bị đủ mọi tính năng cao cấp, màn hình cong tràn viền đẹp mắt, hiệu suất xử lý nhanh, mạnh, camera đỉnh cao, sạc nhanh ấn tượng như các phiên bản S20+ và S20 Ultra. Tuy sản phẩm đã ra mắt trên thị trường khá lâu nhưng sức hút của Galaxy S20 series vẫn rất hot, đặc biệt là các sản phẩm Samsung Galaxy S20 cũ với nhiều hình thức, mức giá khác nhau.', 'Màn hình xuất sắc: \r\nDynamic AMOLED 2X, HDR10+ là các chỉ số về màn hình của Galaxy S20. Với công nghệ màn hình này, giúp người dùng như lại vào một thế khác biệt hoàn toàn.\r\nHướng tới người dùng thích màn hình nhỏ, nên máy có kích thước màn hình 6.2 inch, độ phân giải QHD+ cho mật độ điểm ảnh lên tới 563 ppi cho phép hiển thị sắc nét đến từng chi tiết nhỏ nhất, hình đẹp đến từng mm.\r\n\r\nThiết kế trường tồn:\r\nGalaxy S20 có kích thước nhỏ gọn, có thể sử dụng bằng 1 tay dễ dàng. Sản phẩm là sự lựa chọn hoàn hảo cho những ai thích một chiếc máy nhỏ gọn. S20 tuy đã qua sử dụng nhưng với khả năng hoàn thiện cao cấp với chất liệu kính và khung kim loại, các chi tiết được khớp nối hoàn hảo nên máy có bộ vỏ bên bỉ.\r\nChip và GPU mạnh mẽ\r\nCũng giống như thế hệ trước, Galaxy S20 có 2 phiên bản chip dành cho các thì trường khác nhau. Tại các thị trường Nhật, Mỹ máy sẽ chạy chip Snapdragon 865 kết hợp với Adreno 650 trong khi các thị trường còn lại ta sẽ bắt gặp bộ xử lý cây nhà lá vườn Exynos 990 kèm GPU Mali-G77 MP11.', 2, 60, 220, 5950000, 500000, 5450000, '2023-02-01', 1, 1),
(32, 4, 'Điện thoại Samsung Galaxy S23 (Chính hãng - Snapdragon 8 Gen 2)', 'samsung4.jpg', 'Sản phẩm Samsung Galaxy S23 ra mắt với vai trò kế nhiệm sự thành công của mẫu Galaxy S22 năm ngoái. Thiết bị sở hữu kích thước nhỏ gọn, hiệu năng cực kỳ mạnh mẽ với chip Snapdragon cao cấp, tấm nền màn hình cao cấp, camera ấn tượng. Samsung Galaxy S23 sẽ là chiếc điện thoại cao cấp nhỏ gọn nhưng mạnh nhất, tốt nhất trong làng Android.', 'Chip Snapdragon 8 Gen 2:\r\nSnapdragon 8 Gen 2 for Galaxy là chipset được Qualcomm và Samsung thiết kế dành riêng cho các mẫu điện thoại Galaxy S23 Series. Chip này được xây dựng dựa trên phiên bản Snapdragon 8 Gen 2 cơ bản nhưng tăng xung nhip nhân cao nhất lên 3.36GHz thay vì để 3.2GHz như bản cơ bản. Như vậy, theo lý thuyết, các thiết bị Galaxy S23 Series sẽ là các mẫu máy Android mạnh nhất hiện nay. \r\nMàn Dynamic AMOLED 2X:\r\nDynamic AMOLED 2X là công nghệ hiển thị mới hỗ trợ độ tương phản cực cao, tích hợp công nghệ hiển thị điện ảnh HDR10+. Trong khi đó, màn hình có tỷ lệ tương phản trên 2.000.000:1 giúp các màu sáng và tối nổi bật hơn. Độ sáng tối đa của màn hình rất cao đạt mốc mới là 1750 nit. Ngoài ra, Dynamic AMOLED giảm ánh sáng xanh có hại phát ra từ màn hình, giúp giảm mỏi mắt và rối loạn giấc ngủ khi sử dụng điện thoại vào ban đêm.', 2, 60, 226, 19950000, 5000000, 14950000, '2023-02-02', 1, 2),
(33, 5, 'Điện thoại iPhone 8 Plus (Chính hãng) - Fullbox\r\n			\r\n				', 'iphone.jpg', 'Siêu phẩm iPhone 8 Plus cũ vẫn được bán tại MobileCity với số lượng có hạn kèm mức giá cực kỳ rẻ. iPhone cũ là lựa chọn của rất nhiều người vì có mức giá rẻ hơn rất nhiều so với máy mới 100%, hình thức và chất lượng máy lại được đảm bảo không kém gì so với máy mới và iPhone 8 Plus cũ cũng không ngoại lệ.', 'Thiết kế là sự khác biệt dễ dàng nhận thấy dầu tiên, cả hải đều được hoàn thiện vô cùng tỷ mỷ. Mặt sau đều rất đẹp tạo được nét đặc trưng của mỗi hãng.\r\nMặt trước của hai máy đều là màn hình những iPhone có màn hình tỷ lệ 16:9 gợi nhớ nét hoài cổ. Tuy nhiên đây vẫn là màn hình rất đẹp. Còn Galaxy S10+ có màn hình tràn viền đục lỗ. Kích thước lớn 6,4 inch những bền ngang không lớn hơn nhiều so với màn 5,5 inch của iPhone 8 Plus. Đây là hai màn hình hình chất lượng cao của thế giới smartphone.\r\nVề hiệu năng, tuy Galaxy S10+ có điểm số đo bằng AnTuTu cao hơn nhưng lại thấp hơn về điểm đơn nhân Geekbench. Điều này chứng tỏ với các tác vụ cơ bản iPhone luôn mượt hơn Samsung.\r\nCamera cũng là sự khác biệt hoàn toàn từ cách bố trí đến thông số. Điện thoại Samsung có nhiều ống kính hơn, thông số cũng nhỉnh hơn đôi chút. Trong thực tế ảnh chụp ra từ hai máy vẫn rất đẹp, không có qua nhiều điểm khác biệt. Với iPhone bạn chỉ cần giơ lên chụp là auto đẹp. Đây chính là điểm mà nhiều người dùng yêu thích camera của iPhone.\r\nCamera đơn 7MP đặt ở phần \"trán\" của iPhone 8+ trong khi cụm cam kéo 8 MP + 10 MP của Galaxy S10+ được được trong màn hình, tạo cho máy trông hiện đại hơn.', 1, 260, 600, 5950000, 1200000, 4750000, '2022-02-02', 1, 3);
INSERT INTO `sanpham` (`id`, `LoaiSP`, `TenSP`, `Avatar`, `MoTa`, `MoTaChiTiet`, `NhaCungCap`, `SoLuong`, `SoLuongMua`, `Gia`, `GiaGiam`, `GiaBan`, `NgayTao`, `TrangThai`, `level`) VALUES
(34, 5, 'Điện thoại iPhone 13 Chính hãng VN/A (128GB, 256GB, 512GB)	', 'iphone1.jpg', 'Điện thoại iPhone 13 Chính hãng VN/A rẻ nhất Hà Nội, Đà Nẵng, Tp.HCM. Mua điện thoại iPhone bảo hành 12 tháng Chính hãng, hỗ trợ trả góp lãi suất thấp.\r\nApple ra mắt iPhone 13 (thế hệ 13) năm 2021 được coi là sự nâng cấp đáng giá so với iPhone 12 ra mắt năm ngoái. Điều đầu tiên nhất đó là phần tai thỏ (Notch) đã được thu hẹp lại đáng kể. Apple đã khắc phục rất tốt nhược điểm của các đời iPhone trước đó, mang đến cho iPhone 13 Chính hãng màn hình đẹp hơn rất nhiều.\r\nNâng cấp tiếp theo đáng giá không thể không kể đến đó là con chip Apple A15 Bionic 5nm siêu mạnh (điểm Antutu 775.519), cao hơn nhiều Apple A14 (Antutu 568.674). Ngoài ra Apple còn trang bị cho iPhone 13 dùng lượng Pin 3240mAh, lớn hơn 20% so với iPhone 12: 2815 mAh.', 'Màn hình có bước cải tiến lớn, tai thỏ được thu nhỏ đáng kể:\r\nMột trong những thay đổi được người dùng iPhone mong chờ từ lâu trên thế hệ iPhone 13 năm nay là sự \"gọn gàng\" hơn của \"tai thỏ\" màn hình giúp iPhone 13 có thể hiển thị được nhiều nội dung hơn, đặc biệt là ở phần thanh thông báo trạng thái (status bar).\r\niPhone 13 sử dụng tấm nền OLED với kích thước màn hình 6.1 inch cho chất lượng màu sắc và chi tiết hình ảnh sắc nét, sống động, độ phân giải đạt 1170 x 2532 Pixels. Máy hiển thị tốt trong cả nhiều điều kiện chiếu sáng, kể cả môi trường nắng gắt hay ánh sáng chói.\r\nSong song với hệ thống bán hàng MobileCity còn có hệ thống trung tâm sử chữa bảo hàng MCCare chuyên cung cấp các dịch vụ bảo hành sửa chữa điện thoại tất cả các cấp độ: Sửa Main, Thay thế, Ép kính, Unbrick, Phần mềm, Unlock,...', 1, 360, 220, 21950000, 4000000, 17950000, '2023-02-02', 1, 2),
(35, 5, 'Điện thoại iPhone 14 Chính hãng VN/A\r\n			\r\n				', 'iphone2.jpg', 'Vào 00h00p ngày 08 tháng 9 năm 2022, tại sự kiện Far Out, Apple đã chính thức công bố iPhone 14 series. Đây là dòng điện thoại được mong chờ nhất năm 2022 với những cải tiến về cả thiết kế và hiệu năng. Trong lần ra mắt này, Apple đã mang tới 4 siêu phẩm mang tên: iPhone 14, iPhone 14 Plus, iPhone 14 Pro, iPhone 14 Pro Max. Trong đó phiên bản thường iPhone 14 Chính hãng là chiếc máy được thừa hưởng khá nhiều nét đẹp và sức mạnh từ iPhone 13. iPhone 14 vẫn sở hữu thiết kế tai thỏ đẹp mắt đi kèm với con chip mạnh mẽ Apple A15 Bionic.', 'Chip Apple A15 Bionic (5 nm) siêu mạnh:\r\niPhone 14 được trang bị con chip mạnh mẽ Apple A15 Bionic (5 nm). Chipset này được ra mắt vào ngày 15/09/2021, khi Apple cho ra mắt dòng điện thoại iPhone 13 trên đường đua công nghệ. Đây được xem là một trong những con chip xử lý di động hàng đầu thế giới với hiệu năng cực kỳ mạnh mẽ. \r\nVới tiến trình sản xuất 5nm+ mới nhất từ TSMC, chip Apple A15 Bionic sở hữu Neural Engine 16 lõi có khả năng đạt 15.8 nghìn tỷ hoạt động mỗi giây cho khả năng thúc đẩy mạnh hoạt động của Siri và Live Text trong Camera cũng như cải thiện việc học máy.\r\nApple A15 Bionic sở hữu CPU 6 lõi mang lại hiệu suất tăng 40% cùng GPU 4 - 5 lõi mang lại hiệu suất đồ họa tăng đến 80% so với các thế hệ chip trước đó của Apple.', 2, 360, 220, 23900000, 2000000, 21900000, '2023-02-02', 1, 2),
(36, 5, 'Điện thoại iPhone 13 Pro Chính hãng VN/A (128GB, 256GB, 512GB)	', 'iphone3.jpg', 'Siêu phẩm iPhone 13 Pro Chính hãng là một trong những mẫu điện thoại cao cấp nhất mà Apple đem đến trong năm 2021. Bên trong thiết kế sang chảnh là màn hình ProMotion có tần số quét 120Hz, là bộ ba ống kính hoàn toàn mới, là những tính năng giúp việc trải nghiệm tốt hơn.\r\nSo với người đàn em iPhone 13, iPhone 13 Pro Chính hãng có rất nhiều nâng cấp đáng giá. Trước tiên phải kể đến thiết kế khung thép được đánh bóng trên iPhone 13 Pro cho cảm giác cầm nắm cực kì chắc chắn, sang trọng. Màn hình Promotion 120Hz mà chúng ta mong đợi từ lâu cũng là lợi thế rất lớn khi mà iPhone 13 chỉ có màn 60Hz.', 'Thiết kế sang trọng, cảm giác cầm nắm \"đã\" tay\r\nMáy có khung viền vuông vức tương tự iPhone 12 nhưng tinh tế hơn. Được hoàn thiện từ thép không gỉ và mặt kính Cinematic Shield cứng cáp bảo vệ máy khỏi trầy xước, bụi bẩn hay chất lỏng chuẩn IP68.\r\nDòng iPhone cao cấp năm nay sở hữu 4 tùy chọn màu sắc bao gồm Bạc (Silver), Than chì (Graphite), Vàng (Gold) và màu Xanh dương nhạt (Sierra Blue) hoàn toàn mới lạ.\r\nDù chưa hoàn toàn loại bỏ tai thỏ như nhiều người mong đợi nhưng Apple đã thu gọn 20% diện tích phần khuyết trên màn hình. Tuy nhiên các thành phần linh kiện trong phần khuyết như camera TrueDepth hay Face ID vẫn được giữ nguyên.', 2, 152, 308, 26950000, 9500000, 17450000, '2023-02-02', 1, 2),
(37, 5, 'Điện thoại iPhone 7 Plus Lock Nhật, Mỹ (Dùng như Quốc tế)		', 'iphone5.jpg', 'iPhone 7 Plus Lock Nhật, Mỹ giá Rẻ nhất Tại Hà Nội, Tp.HCM, Đà Nẵng. Bán, Mua điện thoại iPhone 7 Plus Lock cũ 32GB, 128GB, 256GB tặng SIM ghép, BH 12Th.\r\niPhone Lock là một dòng sản phẩm của nhà mạng và đặc biệt ở Việt Nam iPhone Lock hầu như chỉ có của các nhà mạng tại Nhật bản là iPhone Lock (Softbank, Docomo, AU) khi về tới Việt Nam các máy Lock này cần phải sử dụng thêm 1 thiết bị là SIM GHÉP để sử dụng như bản quốc tế. Đây có lẽ không phải là cản trở lớn cho người dùng để có một trải nghiệm với siêu phẩm mới nhất của Apple.', 'Đánh giá thiết kế iPhone 7 Plus Lock Nhật, Mỹ: Tinh tế\r\nKhông có gì thay đổi khi chiếc iPhone 7 Plus Lock 128GB vẫn mang những thiết kế ấn tượng như với bản quốc tế. Được sử dụng chất liệu kính ở mặt lưng cho sự mới mẻ cùng với màu sắc trẻ trung, sang trọng với thân nhôm nguyên khối chiếc smartphone này thật tinh tế và thanh lịch. Cùng với khả năng chống nước tốt trên máy cho khả năng tuyệt vời khi sử dụng. \r\nĐánh giá màn hình iPhone 7 Plus Lock Mỹ, Nhật: Hiển thị sắc nét\r\niPhone 7 Plus Lock Nhật là thiết bị điện thoại có màn hình xuất sắc nhất so với các hãng điện thoại trên thị trường công nghệ ở thời điểm này. Được trang bị màn hình FullHD nhưng iPhone 7 Plus  lại có rất nhiều kiểu tấm nền khác nhau, với nhiều kiểu căn chỉnh, thiết kế khác nhau.\r\nTrên máy vẫn được dùng tấm nền IPS LCD có phần mở rộng ra hỗ trợ không gian màu DCI-P3 mang đến nhiều màu sắc khác nhau. Cùng đến với MobileCity để trải nghiệm, reveiw màn hình iPhone 7 Plus Lock mới chất lượng nhất.', 2, 160, 220, 4950000, 900000, 4050000, '2023-02-02', 1, 1),
(38, 6, 'Điện thoại Lenovo Legion Y70 (Snapdragon 8+ Gen 1)	', 'lenovo1.jpg', 'Tháng 8/2022, Lenovo dự kiến cho ra mắt mẫu điện thoại mới mang tên Lenovo Legion Y70. Chiếc máy có thiết kế mỏng nhẹ với trọng lượng chỉ 209g nhưng mang hiệu suất cực kỳ mạnh mẽ nhờ con chip Snapdragon 8+ Gen 1. Bên cạnh đó, màn hình của Legion Y70 cũng được sử dụng tấm nền OLED cao cấp, hệ thống 3 camera phía sau với độ phân giải cảm biến chính 50 MP, hỗ trợ công nghệ chống rung quang học OIS.', 'Thiết kế ấn tượng, đậm chất gaming\r\nLegion Y90 sở hữu ngoại hình khá đặc biệt, khiến bất cứ ai khi nhìn vào đều có thể nhận ra ngay đây chính là smartphone chuyên game của nhà Lenovo bởi thiết kế cầm ngang tựa như các máy chơi game cầm tay, cách làm này cũng đã được áp dụng trên chiếc Legion Phone Duel 2 trước đó. Thiết kế tiện lợi như vậy giúp cho người dùng có thể thao tác một cách thoải mái trong quá trình chơi game.\r\nMàn hình hiển thị sắc nét, tối ưu mọi trải nghiệm:\r\nĐem đến không gian giải trí cực đã trên Lenovo Legion Y90 chính là màn hình AMOLED, kích thước 6.92 inches, độ phân giải Full HD+, tần số quét 144Hz siêu mượt cùng độ sáng tối đa 1300 nits chắc chắn sẽ giúp mọi trải nghiệm gaming thêm phần đặc sắc.\r\nHiệu năng game siêu khủng, dẫn đầu giới Android:\r\nĐã là gaming phone sao có thể bỏ qua phần hiệu năng được cơ chứ, Legion Y90 được trang bị con chip Snapdragon 8 Gen 1, siêu chip mạnh mẽ nhất của nhà Qualcomm ở thời điểm hiện tại, đảm bảo tối ưu tốt mọi tác vụ hay các tựa game nặng ở cấu hình cao.', 2, 260, 220, 7950000, 200000, 7750000, '2023-02-02', 1, 1),
(39, 6, 'Điện thoại Lenovo Legion Y90', 'lenovo2.jpg', 'Sau Legion 2 Pro, Lenovo sẽ chính thức trình làng mẫu gaming phone thế hệ tiếp theo mang tên Lenovo Legion Y90 hứa hẹn tạo nên bước tiến đột phá trong thị trường điện thoại gaming thời gian sắp tới.\r\nTrong những năm trở lại đây, dù chưa quá phổ biến nhưng gaming phone ngày càng chiếm được cảm tình từ phía người dùng, các hãng sản xuất điện thoại thông minh luôn biết \"lấy lòng\" cộng đồng game thủ nhờ việc cho ra mắt rất nhiều mẫu smartphone cấu hình khủng, pin trâu, màn hình đẹp, đáp ứng mọi trải nghiệm về gaming cực kỳ tốt chỉ trên một chiếc điện thoại nhỏ bé.', 'Thiết kế ấn tượng, đậm chất gaming\r\nLegion Y90 sở hữu ngoại hình khá đặc biệt, khiến bất cứ ai khi nhìn vào đều có thể nhận ra ngay đây chính là smartphone chuyên game của nhà Lenovo bởi thiết kế cầm ngang tựa như các máy chơi game cầm tay, cách làm này cũng đã được áp dụng trên chiếc Legion Phone Duel 2 trước đó. Thiết kế tiện lợi như vậy giúp cho người dùng có thể thao tác một cách thoải mái trong quá trình chơi game.\r\nMàn hình hiển thị sắc nét, tối ưu mọi trải nghiệm:\r\nĐem đến không gian giải trí cực đã trên Lenovo Legion Y90 chính là màn hình AMOLED, kích thước 6.92 inches, độ phân giải Full HD+, tần số quét 144Hz siêu mượt cùng độ sáng tối đa 1300 nits chắc chắn sẽ giúp mọi trải nghiệm gaming thêm phần đặc sắc.\r\nHiệu năng game siêu khủng, dẫn đầu giới Android:\r\nĐã là gaming phone sao có thể bỏ qua phần hiệu năng được cơ chứ, Legion Y90 được trang bị con chip Snapdragon 8 Gen 1, siêu chip mạnh mẽ nhất của nhà Qualcomm ở thời điểm hiện tại, đảm bảo tối ưu tốt mọi tác vụ hay các tựa game nặng ở cấu hình cao.', 2, 260, 220, 10950000, 400000, 10550000, '2023-02-02', 1, 2),
(40, 7, 'Điện thoại Xiaomi Redmi 10A (Chính hãng DGW)', 'xiaomi1.png', 'Điện thoại Xiaomi Redmi 10A giá rẻ tại Hà Nội, Đà Nẵng, Tp.HCM. Mua điện thoại Xiaomi Redmi 10A pin 5000 mAh cho thời gian chờ lên tới 35 ngày, màn hình 6.5 inch bảo vệ mắt.\r\nNăm 2021, Xiaomi Redmi 9A đã lọt vào top 5 những chiếc điện thoại bán chạy nhất thế giới. Để nối tiếp thành công đó, Xiaomi đã trình làng thế hệ tiếp theo mang tên Xiaomi Redmi 10A vào ngày 28 tháng 3. Để giữ được top những chiếc điện thoại bán chạy nhất năm 2022 thì Redmi 10A có những điểm gì hơn so với tiền nhiệm hay không? Hãy cùng MobileCity tìm hiểu ngay sau đây nhé!', 'Nâng cao tính bảo mật:\r\nTrên Redmi 9A chỉ được trang bị một tính bảo mật duy nhất đó là nhận mã pin/mật khẩu và không mấy tiện dụng cho người dùng.\r\nVề tổng thể máy có kích thước và trọng lượng không khác so với Redmi 9A với 194 g và độ dày là 9 mm. Mặt trước, 10A có màn hình 6.53 inch, tấm nền IPS LCD, độ phân giải HD+, tỷ lệ màn hình 20:9 và độ sáng 400 nits giông với Redmi 9A trước đó.\r\nVề hiệu năng, camera, khả năng kết nối và dung lượng pin, của Redmi 10A đều giống với người anh của mình. Với chipset Helio G25 8 nhân, kết nối 4G, Bluetooth 5.0, pin 5000 mAh kèm sạc 10W.\r\nNhư vậy, so với thế hệ tiền nhiệm thì Redmi 10A không có nâng cấp nào, ngoại trừ cảm biến vân tay 1 chạm và thiết kế mặt lưng hiện đại hơn.', 2, 160, 220, 2950000, 200000, 2750000, '2023-02-02', 1, 1),
(41, 7, 'Điện thoại Xiaomi POCO M5 (Helio G99, màn 90Hz)\r\n', 'xiaomi2.jpg', 'Điện thoại POCO M5 được chính thức trình làng vào 05/09/2022. Chiếc máy này mang đến ngôn ngữ thiết kế trẻ trung, hiện đại với màu vàng chủ đạo tương tự như những sản phẩm trước đó của hãng. Điểm nhấn của thiết bị chính là con chip Helio G hoàn toàn mới,màn hình Full HD+ 90Hz, camera 3 ống kính thông số cao, pin trâu sạc nhanh ấn tượng. Cụ thể, ta cùng tìm hiểu chi tiết về POCO M5 trong phần sau đây.', 'Màn hình Full HD+ 90Hz:\r\nSở hữu màn hình kích thước 6,58 inch vừa đủ phù hợp với mọi đối tượng người dùng từ tay nhỏ đến bàn tay to. Khả năng hiển thị hình ảnh sắc nét, chân thật, màu sắc trung tính, góc nhìn rộng với tấm nền IPS LCD Full HD+. Độ sáng 500nits giúp sử dụng tốt trong mọi điều kiện ánh sáng. Hãng không quên trang bị thêm tần sô quét 90Hz giúp các thao tác sử dụng mượt mà hơn.\r\nChip mạnh mẽ:\r\nTrang bị bên trong để cung cấp sức mạnh cho chiếc điện thoại POCO hoạt động là chip Helio G99 (6nm) của MediaTek. Đây là bản nâng cấp của Helio G96 (12nm), sử dụng 2 nhân tốc độ cao 2.2GHz và 6 nhân chạy ở xung nhịp 2.0GHz kết hợp với GPU Mali-G57 MC2 giúp tăng cường sức mạnh lên rất nhiều. Mời bạn theo dõi phần so sánh sức mạnh của Helio G99 với G96', 1, 160, 220, 3450000, 300000, 3150000, '2023-02-02', 1, 1),
(42, 7, 'Điện thoại Xiaomi Redmi 10 5G (Chính hãng)', 'xiaomi3.jpg', 'Xiaomi Redmi 10 5G được ra mắt vào ngày 29/3/2022, là một phiên bản đổi tên của Redmi Note 11E đã xuất hiện trước đó tại thị trường nội địa không lâu. Máy chạy chip Dimensity tầm trung 5G, camera kép chất lượng cao, pin trâu kèm sạc nhanh, màn hình 90Hz siêu mượt. Xiaomi Redmi 10 5G là một trong những mẫu điện thoại 5G giá rẻ tốt nhất hiện nay.', 'Chip Dimensity 700 5G:\r\nSở hữu chip Dimensity 700 5G tiến trình 7nm và 8 nhân cấu trúc 2-6, với 2 nhân 2.2 GHz mang tên Cortex-A76 và 6 nhân Cortex-A55 xung nhip 2.0 GHz cùng chip đồ họa Mali-G57 MC2 mang đế hiệu năng xử lý mượt mà mọi tác vụ. Khả năng kết nối 5G siêu tốc cho khả năng truy cập internet tốc độ cao mĩ mãn.	Màn hình 90Hz:\r\nTấm nến IPS LCD tích hợp công nghệ AdaptiveSync giúp tiết kiện điện năng, tần số quét tối đa cho quá trình vuốt chạm lên tới 90Hz giúp thao tác trải nghiệm mượt mà bội phần.				\r\nCamera 50MP:\r\nSơ hữu hệ thống camera kép ống kính chính độ phân giải cao 50MP cho phép tạo ra những tấm ảnh sắc nét, tạo nên những kiệt tác tuyệt vời.						', 1, 260, 22, 3850000, 500000, 3350000, '2023-02-02', 1, 1),
(43, 7, 'Điện thoại Xiaomi Redmi Note 11 (Màn AMOLED, 90Hz)		', 'xiaomi4.png', 'Điện thoại Xiaomi Redmi Note 11 là điện thoại cấu hình mạnh và giá Rẻ nhất của Xiaomi năm 2022. Mặc dù đã ra mắt rất lâu, nhưng mẫu máy luôn luôn được Khách hàng quan tâm sử dụng. Điểm nhấn đặc biệt nhất là máy được trang bị màn hình Amoled cực đẹp. Ngoài ra yếu tố nào khiến Xiaomi Redmi Note 11 được ưa chuộng như vậy. Hãy cùng MobileCity tìm hiểu ngay dưới đây nhé!', 'Chip mạnh:\r\nSnapdragon 680 được sản xuất trên tiến trình 6nm với 8 nhân trong đó 4 nhân 2.4 GHz Kryo 265 Gold (Cortex-A73)và 4 nhân xung nhịp thấp hơn 1.8 GHz Kryo 265 Silver (Cortex-A53) và có GPU Adreno 610 được thiết kế để mang lại hiệu suất vượt trội mà vẫn tiết kiệm điện năng 20% so với các chip đời trước có cùng phân khúc.\r\nVà với Công nghệ sạc nhanh Quick Charge 3.0, các thiết bị di động chạy chip Snapdragon 680 sẽ được rút ngắn thời gian sạc pin hiệu quả hơn 80% đồng thời kéo chu kỳ sạc pin so với các chip đời cũ.\r\nChip Rồng 680 mang đến hiệu năng ấn tượng cho chiếc điện thoại Redmi tầm trung như Redmi Note 11, chạy đa nhiệm mượt mà trên các tác vụ quen thuộc như lướt web, xem Youtube. Về chơi game, Redmi Note 11 chơi một cách mượt mà các tựa game Hot như Liên Quân, Tốc Chiến, PUBG Mobile,... ở mức setting trung bình cao.\r\nMàn hình Amoled:\r\nRedmi Note 11 sở hữu màn hình AMOLED có góc nhìn rộng, tỷ vệ màn hình trên khung máy cao tạo không gian trải nghiệm tuyệt vời khi giải trí.', 2, 160, 100, 4450000, 1000000, 3450000, '2023-02-03', 1, 2),
(44, 7, 'Điện thoại Xiaomi Redmi Note 12 4G (Chính hãng - Snapdragon 685)	', 'xiaomi5.jpg', 'Redmi Note 12 bản 4G được trang bị chip Snapdragon 685, đây là bản nâng cấp của Snapdragon 680, máy có màn hình 6,67 inch tấm nền AMOLED với tốc độ làm mới 120Hz, camera chất lượng với 3 ống kính lên tới 50MP kết hợp với viên pin 5000mAh kèm sạc nhanh 33W.', 'Nâng cấp màn hình:\r\nMàn hình của Redmi Note 12 có kích thước lớn hơn so với Redmi Note 11, và có tần số quét cao hơn mang đến không gian trải nghiệm rộng rãi hơn và mượt mà hơn mẫu máy tiền nhiệm. Ngoài ra, màn hình của thiết bị cũng có độ sáng tối đa cao hơn và độ phân giải tương đương với Redmi Note 11.\r\nCác điểm năng cấp:\r\nSo với thế hệ trước là Redmi Note 11 (chính hãng), chiếc điện thoại Redmi này có một số nâng cấp, cải tiến lớn, điển hình như màn hình được nnaag cấp về độ lớn, tần số quét, độ sáng được tăng lên 100nit, hiệu năng cũng được cải thiện nhờ bộ xử lý Snapdragon 685. Cùng phần tích cụ thể trong phần sau đây:', 2, 160, 22, 4950000, 1000000, 3950000, '2023-02-02', 1, 1),
(45, 7, 'Điện thoại Xiaomi Redmi Note 11E Pro (Camera 108MP)', 'xiaomi6.jpg', 'Đầu tháng 3 năm 2022, Xiaomi đã chính thức trình làng chiếc Xiaomi Redmi Note 11E Pro. Đây có thể coi là phiên bản đổi tiên của Redmi Note 11 Pro 5G đã ra mắt trước đó với một giá bán cực kỳ hấp dẫn. Bộ thông số cấu hình trên chiếc điện thoại mới này không có quá nhiều điểm khác biệt với người tiền nhiệm của nó với chipset Snapdragon 695, màn hình Super AMOLED và viên pin 5000mAh. Redmi Note 11E Pro hứa hẹn sẽ mang lại sự cạnh tranh vô cùng khốc liệt trong phân khúc điện thoại tầm trung giá rẻ vốn dĩ đang có cực nhiều đối thủ sừng sỏ.', 'Xiaomi Redmi Note 11E Pro thiết kế vuông vức, sang trọng:\r\nRedmi Note 11E PRo được thừa hưởng ngôn ngữ thiết kế khung viền vuông vức, hiện đại từ người đàn anh Redmi Note 11 Pro 5G đã ra mắt. Chất lượng hoàn thiện trên máy là rất tốt với hai mặt kính sang trọng tương tự như trên các dòng sản phẩm cao cấp.\r\nSnapdragon 695 đã dần khẳng định được sức mạnh:\r\nĐã có những sự nghi ngờ về sức mạnh của Snapdragon 695 khi nó xuất hiện trên phiên bảnXiaomi Redmi Note 11 Pro 5G. Tuy nhiên, qua thời gian sử dụng thực tế, nó đã khẳng định được mình là một đối thủ không hề kém cạnh với những con chip trong cùng phân khúc. Thêm vào đó, khả năng tiết kiệm điện năng trên Snapdragon 695 là cực kỳ ấn tượng.\r\nMàn hình đẹp nhất phân khúc:\r\nRedmi Note 11E Pro được trang bị tấm nền Super AMOLED 6.67 inch độ phân giải Full HD+, hỗ trợ HDR10 cho độ sáng tối đa lên tới 1200 nits. Thêm vào đó, tần số quét màn hình 120Hz giúp cho các hiệu ứng chuyển cảnh trơn tru và mượt mà hơn rất nhiều. Tần số quét này cũng sẽ tối ưu cực tốt cho các game mobile đem lại hình ảnh chất lượng vượt trội.', 2, 260, 20, 5450000, 200000, 5250000, '2023-02-02', 1, 1),
(46, 7, 'Điện thoại Xiaomi Redmi K40S (Snapdragon 870 - Sạc 67W)	', 'xiaomi7.jpg', 'Xiaomi Redmi K40S ra mắt cùng ở sự kiện ngày 17/3/2022 cùng với loạt sản phẩm Redmi K50 Series tại Trung Quốc. Mẫu điện thoại này tạo bất ngờ lớn cho người dùng khi nó sở hữu thiết kế vuông vắn hợp trend, chip Qualcomm cao cấp đầu 8, camera tốt, màn hình đẹp, sạc siêu nhanh. Do đó, rất nhiều người dùng không khỏi hào hứng, háo hức muốn sở hữu Redmi K40S bởi máy đang bán tại MobileCity với mức giá rẻ cùng nhiều ưu đãi hấp dẫn.', 'Thiết kế vuông, đẹp:\r\nĐiện thoại K40S là bản \"lột xác\" hoàn toàn với một vẻ ngoài hoàn toàn mới, với khung viền vuông vức, các mặt trước sau đều được chế tác dạng phẳng cùng cụm 3 camera cực kỳ nổi bật. Thiết bị bao gồm 5 màu sắc tùy chọn, gồm: Đen, Trắng, Xám, Xanh dương và Xanh lá. Màu sắc trẻ trung những cũng không kém phần sang trọng.\r\nChip Snapdragon 870:\r\nSnapdragon 870 áp dụng công nghệ 7nm và có 8 nhân CPU được trang bị lõi Kryo 585 dựa trên Cortex-A77, với tần số tối đa 3,2 GHz, cao hơn 10% so với Snapdragon 865 ở tốc độ 2,84 GHz và cao hơn 3% so với Snapdragon 865+ ở tốc độ 3,1 GHz.\r\nSạc 67W cực nhanh:\r\nVới công suất sạc 67W công nghệ PD3.0, đặt chuẩn QC3 cao hơn rất nhiều khi so với các mẫu Redmi K40 Series khác chỉ dùng lại ở 33W. Theo công bố của nhà sản xuất, máy chỉ mất khoảng 38 phút để sạc đầy viên pin của máy.\r\nĐánh giá Redmi K40S:\r\nRa mắt cùng thời điểm với các mẫu điện thoại Redmi của dòng K50, sự xuất hiện của K40S khiến nhiều người dùng không khỏi bất ngờ, đây cũng là chiếc smartphone có mức giá rẻ nhất thuộc bộ 3 gồm K50, K50 Pro và K40S. Hãy cùng MobileCity khám phá những điều thú vị qua phần đánh giá chi tiết K40S ngay sau đây.', 1, 300, 220, 6950000, 1500000, 5450000, '2023-02-01', 1, 3),
(47, 8, 'Điện thoại Vsmart Star 3 (Chính Hãng)', 'vsmart1.jpg', 'Tập đoàn Việt VinGroup mới đây đã chính thức cho ra mắt smartphone mới nhất của mình là Vsmart Star 3 - tiếp nối sau loạt điện thoại giá rẻ Vsmart Bee và Vsmart Joy. Vsmart Star là smartphone đầu tiên trên thế giới được trang bị chip Snapdragon 215 với cấu hình ổn định, thiết kế vừa tay phục vụ đầy đủ các nhu cầu cơ bản.', 'Hiệu năng của Vsmart Star 3:\r\nChiếc điện thoại Vsmart Star 3 sở hữu chip xử lý Snapdragon 215 - nhanh hơn 50% so với Snapdragon 212 của các dòng sản phẩm trước đây.\r\nCamera kép trên Vsmart Star 3:\r\nHệ thống camera kép của sản phẩm Vsmart Star 3 này có thông số lần lượt là 8 MP f/2.0 và 5 MP, điểm cộng là hỗ trợ chụp ảnh xoá phông.\r\nMàn hình là một điểm cộng của Vsmart Star 3:\r\nVsmart Star 3 được trang bị màn hình với kích thước 6.09 inches IPS HD+. Điểm cộng đó là công nghệ IPS LCD của màn hình cho màu sắc trong trẻo, góc nhìn rộng và độ tương phản tốt.\r\nThời lượng pin lớn trên Vsmart Star 3:\r\nThêm một điểm cộng dành cho Vsmart Star là thời lượng pin của máy đến 3.000 mAh, cùng khả năng tối ưu hóa của hệ điều hành, vi xử lý sẽ cho bạn thời gian trải nghiệm xem phim, chơi game, trò chuyện cùng bạn bè tuyệt vời mà không bị gián đoạn nửa chừng.', 2, 400, 500, 1690000, 100000, 1590000, '2023-06-02', 1, 2),
(48, 8, 'Điện thoại Vsmart Active 3 (Camera Pop Up)', 'vinsmart2.jpg', 'Trong những năm vừa qua thì chắc hẳn các bạn không còn lạ lẫm gì với cái tên Vsmart. Thương hiệu này đã đưa được điện thoại thương hiệu Việt trở nên gần gũi hơn với chính người dân Việt Nam cũng như  cộng đồng quốc tế. Sau hàng loạt thành công thì Vsmart có tung ra thêm hàng loạt sản phẩm Smartphone mới như  Vsmart  Live 3, Vsmart  Star 3... và Vsmart Active 3. Sau đây là bài đánh giá nhanh về sản phẩm Vsmart Active 3 – sản phẩm mũi nhọn của hãng với nhiều tính năng thú vị, cấu hình cao. Vsmart Active 3 - Smartphone có màn hình Fullview thời thượng, camera Pop-up hiện đại nhưng lại sử dụng Mediateck P60 liêu có đáng sở hữu hay không?', 'Đầu tiên là màn hình trên Vsmart Active 3\r\nVsmart Active 3 được trang bị màn hình 6.39 inches Amoled FullHD+  một điểm khá ăn tiền, hiếm hoi trong phân khúc giá hàng chính hãng, bởi thường thì chỉ có nhà sản xuất Samsung mới trang bị màn hình này trên các thiết bị của họ. Màn hình này mang lại cho Vsmart Active 3 lợi thế hiển thị ngoài trời tốt, cho màu đen rất sâu và màu sắc vô cùng rực rỡ. Vsmart Active 3 cứ không dùng tai thỏ là mừng rồi phải không anh em.\r\nThiết kế của Vsmart Active 3:\r\nVsmart Active 3 tuy không có nhiêu thay đổi thiết kế so với sản phẩm thế hệ trước nhưng với sự thông minh trong thiết kế, Vsmart Active 3 vẫn mang gì đó rất hiện đại. Vẫn là mặt lưng nhựa nhưng được phủ sơn bóng theo hiệu ứng Gradiant giống với mặt lưng kính.\r\nCamera năm nay của Vsmart Active 3:\r\nCamera là điểm nổi bật trên Vsmart Active 3.Vsmart Active 3 đã thay thế cụm camera cố định trên sản phẩm, thay vào đó là hệ thống camera selfie Pop-up tiên tiến, là sản phẩm Smartphone đầu tiên của Việt Nam trang bị camera Pop-up. Cụ thể camera selfie này của Active 3 sẽ có độ phân giải là 16MP bộ lọc AI Beauty, giúp bạn sẽ có được những bức hình cực kì ảo diệu.', 2, 160, 22, 2950000, 500000, 2450000, '2023-02-02', 1, 0),
(49, 8, 'Điện thoại Vsmart Joy 3 (Chính Hãng - đã kích hoạt BH)', 'vsmart3.jpg', 'Trong những năm vừa qua thì chắc hẳn các bạn không còn lạ lẫm gì với cái tên Vsmart. Thương hiệu này đã đưa được điện thoại thương hiệu Việt trở nên gần gũi hơn với chính người dân Việt Nam cũng như  cộng đồng quốc tế. Sau hàng loạt thành công thì Vsmart có tung ra thêm hàng loạt sản phẩm Smartphone mới như  Vsmart  Live 3, Vsmart  Star 3... và Vsmart Active 3. Sau đây là bài đánh giá nhanh về sản phẩm Vsmart Joy 3 – sản phẩm điện thoại giá rẻ đáng mua hơn Xiaomi.', 'Thiết kế trẻ trung của Vsmart Joy 3\r\nThiết kế không có quá nhiều thay đổi trên sản phẩm Vsmart Joy 3 nhưng vẫn có một chút thay đổi nho nhỏ để tạo điểm nhấn cho sản phẩm mới. Là một sản phẩm hướng tới đối tượng các bạn trẻ bới thể Joy 3 có tận 3 màu sắc để anh em thoải mái lựa chọn: Màu đen, màu tím, màu trắng. \r\nVsmart Joy 3 được trang bị màn hinh IPS kích thước 6.5 inches độ tương phản tốt, màu sắc rực rỡ. Độ phân giải HD+ - một độ phân giải đủ dùng trên một sản phẩm chỉ có giá 2 triệu đồng.\r\nCamera trên Vsmart Joy 3\r\nVsmart Joy 3 này được trang bị hệ thống camera sau bao gồm các ống kính có độ phân giải lần lượt là 13 MP, 8 MP, 2 MP giúp bạn có thể chụp ảnh xóa phông hay góc rộng một cách chuyên nghiệm và dễ dàng hơn.Với nhiều ưu điểm vượt trội trong phân khúc giá rẻ như: vi xử lí Snapdragon, pin dung lượng 5000mAh, sạc nhanh 18W qua cổng Type-C, cụm 3 camera sau với thông số ấn tượng,... liệu với những ưu điểm kể trên thì chiếc Joy 3 có thể trở thành \"ông vua\" smartphone giá rẻ không? các bạn cùng xem câu trả lời trong video nhé!', 2, 160, 220, 2250000, 200000, 2050000, '2023-02-02', 1, 0),
(50, 8, 'Điện thoại Vsmart Joy 1 Plus', 'vsmart4.jpg', 'Điện thoại Vsmart Joy 1 Plus là là sản phẩm điện thoại được công ty Vingroup hướng thẳng tới phân khúc giá rẻ mang thiết kế trẻ trung hiện đại so với phần còn lại của phân khúc giá. Nhìn tổng quan sản phẩm toát lên vẻ cao cấp khác hẳn với giá tiền chỉ hơn 3 triệu đồng mà nhà sản xuất đã đưa ra.', 'Điện thoại Vsmart Joy 1 Plus thứ nâng cấp hơn so với Vsmart Joy 1 là kích thước màn hình và CPU. Mặc dù tăng lên kích thức màn hình tới 6.18\' nhưng chất lượng màn hình có độ phân giải HD+, việc mà trải nghiệm người dùng có thể bị giảm trên màn hình là không thể tránh khỏi. Bù lại màn hình sản phẩm vẫn mang tấm nền IPS LCD mang lại góc nhìn rộng, màu sắc tốt kéo lại phần nào độ sắc nét của màn hình. \r\nMang trong mình sức mạnh của S430, 8 nhân đủ để sử lý mượt mà những tác vụ thông thường, cùng với GPU đồ họa Adreno 505 cho khả năng chơi game cực kì tốt những tựa game như Liên quân Mobile. Chỉ trong 6 tháng mà điện thoại Vsmart Joy 1 Plus có thuật toán xứ lý mạnh mẽ khiến ảnh chụp rất sắc nét bới độ phân giải cao từ cảm biến 13MP và 2MP (2 camera) với khả năng quay video FullHD+ 30Fps Hỗ trợ xóa phông với cụm camera kép, có công nghệ HDR, AI nhận biết, khuôn mặt.\r\nPin trên điện thoại Vsmart Joy 1 Plus là vô cùng tốt. \r\nVới thời lượng pin 4000mAh hoàn toàn có thể đáp ứng được 2 ngày hoàn toàn thoải mái với nhu cầu cơ bản. \r\nTổng kết, điện thoại Vsmart Joy 1 Plus là sản phẩm rất tốt trong tầm giá, hoàn toàn có thể cạnh tranh trực tiếp với sản phẩm của Samsung, iPhone với mức giá chỉ hơn 3 triệu đồng này', 2, 160, 220, 4950000, 200000, 4750000, '2023-02-02', 1, 1),
(51, 9, 'Điện thoại Sony Xperia 10 III ( 10 Mark 3) 5G (Màn OLED 1 tỷ màu)', 'sony1.jpg', 'Ngày 14/4/2021, Sony Xperia 10 III (hay còn gọi là Sony Xperia 10 Mark 3) được chính thức ra mắt thị trường smartphone. Thiết bị mang đến cho người dùng hiệu năng mượt mà, có 5G siêu tốc, camera 3 ống kính chất lượng, màn hình OLED 1 tỷ màu, viên pin lớn. Với những điểm mạnh đó cùng khả năng nhận diện thương hiệu lớn, Sony Xperia 10 III được đông đảo người hâm mộ quan tâm.', 'Nâng cấp hiệu năng:\r\nChip Snapdragon 690 5G và GPU Adreno 619 trên Xperia 10 III là một bước nâng cấp đáng chú ý so với Snapdragon 665 và GPU Adreno 610 trên Xperia 10 II. Đầu tiên, Snapdragon 690 hỗ trợ mạng 5G, giúp người dùng truy cập internet nhanh hơn và trải nghiệm chất lượng hình ảnh, video cao hơn nhờ đường truyền 5G siêu tốc độ. Ngoài ra, Snapdragon 690 còn có tốc độ xử lý nhanh hơn, cho phép chạy các ứng dụng nặng mượt mà hơn.\r\nCải tiến màn hình:\r\nVề màn hình, cả hai thiết bị đều có màn hình 6 inch, tỷ lệ 21:9, độ phân giải Full HD+ mang đến khả năng hiển thị sắc nét, màu sắc hiển thị tươi tắn, màu đen sâu. Điểm nâng cấp, cải tiến của màn hình 10 Mark 3 là khả năng tái tạo 1 tỷ màu và hỗ trợ công nghệ HDR, điều mà thế hệ trước của nó không có.\r\nTăng pin, sạc:\r\nVới dung lượng pin 4500 mAh thì Xperia 10 III cho thời gian sử dụng kéo dài, với các tác vụ cơ bản và giải trí nhẹ nhàng máy có thể đạt được 1 này dài sử dụng. Đây là viên pin dung lượng vượt trội hơn Xperia 10 II, bởi chiếc máy này có pin 3600mAh.', 2, 160, 220, 4250000, 400000, 3850000, '2023-02-02', 1, 1),
(52, 9, 'Điện thoại Sony Xperia 10 IV (10 Mark 4) 5G (Snapdragon 695)', 'sony2.jpg', 'Cũng ra mắt trong năm 2022, Sony Xperia 5 IV là mẫu điện thoại thuộc phân khúc cao cấp với cấu hình cực khủng, nhiều tính năng hiện đại hưng mức giá bán không hề rẻ. Vì vậy, để tối ưu chi phí mà vẫn được sử dụng chiếc máy thiết kế tượng tự thì Xperia 10 IV là sự lựa chọn tốt hơn cả.', 'Nâng cấp hiệu năng\r\nXperia 10 IV được trang bị chip Snapdragon 695 5G cao cấp hơn so với Xperia 10 III sử dụng chip Snapdragon 690 5G. Với tốc độ xử lý tối đa lên đến 2.2GHz, chip S695 có thể xử lý dữ liệu nhanh hơn so với Snapdragon 690 5G với tốc độ 2.0GHz. Điều này sẽ giúp cho Xperia 10 IV có thể xử lý tốt các tác vụ đòi hỏi nhiều năng lượng, đồng thời cũng giúp cho thiết bị này hoạt động mượt mà và ổn định hơn.\r\nTăng dung lượng pin:\r\nPin Li-Po 5000 mAh của Xperia 10 IV có dung lượng lớn hơn so với pin Li-Po 4500 mAh của Xperia 10 III, cho phép Xperia 10 IV hoạt động trong thời gian dài hơn.\r\nThiết kế vuông vức, sang trọng:\r\nThiết kế của điện thoại này được thiết kế vuông vức, tạo ra vẻ ngoài đẳng cấp và sang trọng. Khung nhựa được sử dụng để tăng khả năng bắt sóng di động, Wifi tốt hơn nhưng cũng không kém phần bền bỉ và có độ chắc chắn cho sản phẩm. Mặt lưng của điện thoại được sử dụng kính, tạo ra vẻ đẹp thu hút mắt và ấn tượng.', 1, 160, 100, 9490000, 4000000, 5490000, '2022-02-01', 1, 2),
(53, 9, 'Điện thoại Sony Xperia 1 III (1 Mark 3) 5G (Snapdragon 888)', 'sony3.jpg', 'Siêu phẩm Sony Xperia 1 III hay còn gọi là Sony Xperia 1 Mark 3 đã đươc trình làng từ năm 2021 với cấu hình khủng nhất lúc bấy giờ. Thiết bị sở hữu chip Snapdragon 5G mạnh nhất, camera chỉnh tay đỉnh cao, màn hình 4K siêu nét, viên pin lớn và nhiều công nghệ hiện đại kèm theo. Hiện tại là dịp tốt nhất khiến Sonyfans mua Sony Xperia 1 III, bởi máy đã có giá giảm hơn 1/2 so với lúc mới ra mắt.', 'Chip Snapdragon 888: \r\nSnapdragon 888 là SoC gã khổng lồ công nghệ Mỹ là Qualcomm. Chip được sản xuất theo tiến trình 5nm hiện đại. Với 8 nhân CPU tối đa 2.84GHz mang đến hiệu suất tăng thêm 25% kết hợp với GPU Adreno 660 cho khả năng xử lý, tái tạo hiển thị đồ họa tốt hơn 35% so với chip Snapdragon 865.\r\nMàn OLED 120Hz 4K:\r\nMàn hình OLED hỗ trợ 1 tỷ màu và tần số quét 120Hz đem đến chất lượng tuyệt đỉnh, hình ảnh chuyển động mượt mà sắc nét không bị nhòe. Ngoài ra, màn hình của 1 Mark 3 còn được trang bị thêm công nghệ HDR BT.2020.Dành cho những ai chưa biết, HDR BT.2020 hay còn gọi là Rec.2020 là tập hợp các thông số kỹ thuật bao gồm tất cả các khía cạnh của phát sóng video mà ITU đề xuất làm tiêu chuẩn cho máy chiếu và TV độ nét cực cao 4K hoặc 8K.', 2, 256, 484, 19950000, 3000000, 16950000, '2023-01-09', 1, 2),
(54, 9, 'Điện thoại Sony Xperia 1 V (1 Mark 5) 5G (Snapdragon 8 Gen 2)', 'sony5.jpg', 'Siêu phẩm Sony Xperia 1 V đã được chính thức ra mắt thị trường smartphone vào ngày 11/5/2023. Thiết bị sở hữu cấu hình mạnh mẽ nhất thế giới smartphone với màn hình 4K, chip Snapdragon siêu mạnh, camera chất lượng tuyệt đỉnh, viên pin dung lượng và nhiều tính năng hấp dẫn khác. Sony Xperia 1 V hứa hẹn là mẫu điện thoại cao cấp được quan tâm và yêu thích nhất năm.', 'Cấu hình Sony Xperia 1 V mới nhất:\r\nSony Xperia 1 Mark 5 được trang bị chipset Snapdragon 8 Gen 2, đem lại hiệu năng vô cùng mạnh mẽ cho người dùng. Màn hình OLED có khả năng hiển thị hình ảnh 1 tỷ màu cùng độ phân giải 4K cho trải nghiệm tuyệt vời. Bộ ba camera 48MP với tính năng chống rung quang học (OIS) giúp chụp ảnh đẹp, sắc nét. Điểm nhấn của Xperia 1 V là dung lượng pin 5000mAh cho phép sử dụng lâu dài mà không cần lo lắng về tình trạng hết pin, đi kèm với đó là công nghệ sạc nhanh 30W.\r\nNâng cấp chip:\r\nSony Xperia 1 Mark 5 được trang bị chip Snapdragon 8 Gen 2 cao cấp nhất của Qualcomm trong khi Xperia 1 Mark 4 là chip Snapdragon 8 Gen 1. Cả hai đều có tiến trình 4nm nhưng 8 Gen 1 được sản xuất bởi Samsung có nhiệt độ nóng và kém ổn đinh hơn nhiều 4nm của TSMC đối 8 Gen 2. Như vậy, Xperia 1 Mark 5 đã được nâng cấp hiệu nên lên một tầm cao mới. Với điểm số đơn nhân 1454 và đa nhân 4606 điểm, Xperia 1 V có điểm Geekbench cao hơn bản tiền nhiệm với 25% về đơn nhân và 36% về đa nhân. Khi thử nghiệm với AnTuTu, Xperia 1 V cũng có điểm số cao hơn 34% so với Xperia 1 IV.', 2, 150, 230, 31450000, 6000000, 25450000, '2023-04-02', 1, 2),
(55, 9, 'Điện thoại Sony Xperia 10 II (10 Mark 2) (Snapdragon 665)', 'sony7.jpg', 'Điện thoại Sony Xperia 10 II được chính thức ra mắt vào ngày 24/02/2020 với thiết kế độc, lạ, cao cấp với 2 mặt kính. Thiết bị được cung cấp sức mạnh bởi Snapdragon 665 mượt mà, màn hình OLED cao cấp, camera 3 ống kính chất lượng và còn nhiều tính năng khác. Hiện tại mẫu Sony Xperia 10 II đã có mức giá rất dễ tiếp cận là cơ hội tốt đều bạn có thể sơ hữu ngay tức khắc.', 'Nâng cấp hiệu năng:\r\nChip Snapdragon 665 được trang bị cho Xperia 10 II có 8 nhân, bao gồm 4 nhân Kryo 260 Silver với tốc độ xung nhịp 1.8GHz và 4 nhân Kryo 260 Gold với tốc độ xung nhịp 2.0GHz. Nó được sản xuất trên tiến trình công nghệ 11nm, cho phép tiết kiệm năng lượng và tăng hiệu suất. GPU Adreno 610 đi kèm với Snapdragon 665 cho phép chơi game và xử lý đồ họa mượt mà.\r\nCải tiến màn hình:\r\nCả hai thiết bị đều có màn hình 6 inch, độ phân giải Full HD+, tỷ lệ màn hình 21:9 thon dài dễ dàng cầm nắm. Với kích thước và độ phân giải màn hình này, người dùng sẽ được trải nghiệm không gian giải trải rộng với xem phim, dài quá khổ khi lướt web. Nếu như Xperia 10 được trang bị tấm nền IPS LCD, thì bản kế nhiệm của nó được nâng cấp lên tấm nền OLED cao cấp cho phép hiển thị tốt hơn, độ tương phản tốt hơn màn hình IPS.\r\nCải thiện camera:\r\nTuy cùng có cùng camera selfie nhưng, Xperia 10 Mark 2 có thêm tính năng HDR cho chất lượng ảnh chụp và video chất lượng có chiều sâu hơn so với camera của Xperia 10. Về camera sau, tuy 10 II có độ phân giải camera chính là 12MP thấp hơn một đơn vị so với camera của tiền nhiệm nhưng máy có thêm 2 ống kính tele và góc siêu rộng có độ lớn 8MP vượt trội hoàn toàn so với cụm camera kép của mẫu máy tiền nhiệm.', 2, 90, 350, 3690000, 900000, 2790000, '2023-02-02', 1, 2),
(56, 10, 'Điện thoại Asus ROG Phone 6 (Snapdragon 8+ Gen 1)		', 'asus1.jpg', 'Gaming Phone Asus ROG Phone 6 gây đình đám đã chính thức được trình làng vào tối ngày 6/7/2022. Đây là chiếc Gaming Phone đầu tiên trên thế giới sử dụng con Snapdragon 8+ Gen 1. Cùng với đó, ngoại hình của máy được làm mới để đem đến cảm giác gaming và hiện đại, màn hình lớn hỗ trợ tần số quét cực cao, viên pin khủng kèm sạc siêu nhanh. Hiện nay, tại MobileCity mức giá của Asus ROG Phone 6 đã rẻ như các mẫu điện thoại tầm trung, là thời điểm tốt để sở hữu.', 'AMOLED 165Hz:\r\nVới điện thoại thông minh ngày nay, tầm nền màn hình rất quan trọng bởi nó được tiếp xúc và tương tác với người dùng nhiều nhất. Vì thế, Asus đã trang bị cho máy tấm nền màn hình AMOLED cao cấp của Samsung độ trễ cảm ứng rất thấp, tần số quét 165Hz, tần số lấy mẫu cảm ứng đạt đến 720Hz.\r\nChip Snapdragon 8+ Gen 1:\r\nVới một sản phẩm chuyên chơi game, hiệu năng chính là vấn đề cốt lõi để tạo ra trải nghiệm giải trí hàng đầu. Chính vì vậy, Asus đã trang bị cho ROG Phone 6 con chip khủng bậc nhất thế giới Snapdragon 8+ Gen 1 nhằm cung cấp sức mạnh tối đa cho sản phẩm của mình.\r\nPin 6000 mAh:\r\nLà một chiếc điện thoại chơi game, pin là vấn đề được quan tâm nhất sau chip, thiết bị tiêu thụ điện năng nhanh cũng sẽ ảnh hưởng đến tâm trạng game thủ. Và Asus đã trang bị cho máy dung lượng 6000mAh chia thành 2 cell đặt ở 2 bên CPU giúp hạn chế tản nhiệt và tuổ thọ pin cũng cao hơn.', 2, 358, 222, 17450000, 6000000, 11450000, '2023-02-02', 1, 1),
(57, 10, 'Điện thoại Asus ROG Phone 2 (Snapdragon 855+)\r\n	', 'asus2.jpg', 'Siêu phẩm ROG Phone 2, một chiếc smartphone cao cấp mới của Asus, đã gây xôn xao cộng đồng công nghệ với những tính năng hấp dẫn và sự nâng cấp đáng kể so với phiên bản trước đó. Được ra mắt vào ngày 23 tháng 7 năm 2019, thiết bị sở hữu một hiệu suất mạnh mẽ, màn hình AMOLED 6,59 inch tần số quét 120Hz cho trải nghiệm chơi game hoàn hảo và hệ thống làm mát siêu tiên tiến. ROG Phone 2 được xem là một trong những smartphone chơi game đỉnh cao cấp trên thị trường.', 'Nâng cấp hiệu năng:\r\nROG 2 với Snapdragon 855+ sở hữu hiệu năng mạnh mẽ hơn đáng kể so với ROG Phone đời đầu. Với độ phân giải màn hình cao hơn, CPU có khả năng xử lý nhanh hơn và GPU Adreno 640 với tần số đồng hồ cao hơn, tính năng chơi game của ROG 2 tăng lên đáng kể.\r\nĐiểm số AnTuTu gần 500 nghìn điểm của Asus ROG 2 so với hơn 350 nghìn điểm của ROG Phone đời đầu càng khẳng định sự vượt trội về hiệu năng của điện thoại thế hệ mới. Với sự cải tiến này, người dùng sẽ có trải nghiệm chơi game mượt mà hơn và tốt hơn với mọi tựa game.\r\nCải tiến màn hình:\r\nROG Phone 1 và ROG 2 đều có khả năng hiển thị hình ảnh tốt với màn hình AMOLED. Tuy nhiên, ROG 2 vượt trội hơn về nhiều khía cạnh so với ROG Phone 1. Về tốc độ làm tươi, ROG 2 có màn hình chuyển đổi tần số 120Hz, cao hơn so với ROG Phone 1 chỉ có 90Hz. Điều này đảm bảo ROG Phone thế hệ 2 sẽ hiển thị hình ảnh mượt mà hơn trong quá trình chơi game hoặc xem phim.', 2, 160, 220, 10450000, 5000000, 5450000, '2023-02-06', 1, 2),
(58, 10, 'Điện thoại Asus ROG Phone 7 Ultimate', 'asus3.jpg', 'Siêu phẩm gaming ROG Phone 7 Ultimate đã ra mắt vào 13/4/2023 trên toàn cầu. Đây là mẫu điện thoại cao cấp nhất trong bộ đôi của ROG Phone 7 Series. Theo đó, máy có cấu hình cao cấp nhất thiế giới smartphone, nâng cấp, cải tiến nhiều tính năng và thiết kế cũng khác biết biệt hơn. ROG Phone 7 Ultimate là một trong các mẫu điện thoại \"khủng\" nhất được đông đảo game thủ và các giải đấu game chuyên nghiệp lựa trong năm 2023.', 'Tăng độ sáng màn hình:\r\nROG 7 Ultimate là một chiếc điện thoại cao cấp được trang bị màn hình với khả năng nâng cao độ sáng. Màn hình của nó có khả năng đạt đến 1000 nit độ sáng ở chế độ HBM, và đạt đến tối đa 1500 nit ở chế độ peak. Điều này có nghĩa là bạn có thể sử dụng điện thoại của mình ở bất kỳ môi trường sáng nào mà không gặp khó khăn.\r\nNâng cấp hiệu năng:\r\nSự nâng cấp về hiệu năng của Snapdragon 8 Gen 2 trên ROG 7 Ultimate so với Dimensity 9000+ trên ROG 6D Ultimate được thể hiện rõ rệt thông qua số điểm AnTuTu của hai thiết bị. Snapdragon 8 Gen 2 đạt được 1,3 triệu điểm AnTuTu, trong khi Dimensity 9000+ chỉ có hơn 1 triệu điểm.\r\nĐiều này cho thấy rằng Snapdragon 8 Gen 2 có hiệu năng mạnh hơn so với Dimensity 9000+, và có khả năng xử lý tốt hơn các tác vụ nặng và đòi hỏi nhiều tài nguyên hệ thống. Với điểm số cao hơn, Snapdragon 8 Gen 2 cũng có thể đáp ứng tốt hơn nhu cầu của người dùng đối với các ứng dụng và trò chơi mới nhất.', 2, 160, 220, 34950000, 2000000, 32950000, '2023-02-02', 1, 2),
(59, 10, 'Điện thoại Asus ROG Phone 3 Elite (Strix Edition)\r\n			\r\n				', 'asus5.jpg', 'Ra mắt song song với Asus ROG Phone 3 bản Snap 865+, bản Asus ROG Phone 3 Strix là phiên bản thấp hơn 1 chút với chip Snapdragon 865. Ngoài chip thấp hơn thì Asus ROG Phone 3 Elite vẫn sở hữu mọi thông số khủng nhất của dòng Gaming Phone tốt nhất hiện nay; ROG Phone! ', 'Chỉ có 2 đặc điểm mà Asus ROG Phone 3 Strix khác so với Asus ROG Phone 3, đó là Chip và bộ nhớ trong. Asus ROG Phone 3 Strix sử dụng Chip Snapdragon 865 thấp hơn so với Snap 865+ của Asus ROG Phone 3. Tuy nhiên Chip Snap 865 cũng đã rất mạnh trong thời điểm hiện tại.\r\nĐặc điểm thứ 2 mà Asus ROG Phone 3 Strix khác đó là bộ nhớ trong, bản cao nhất chỉ có 12GB-128GB. Còn Asus ROG Phone 3 có bản cao nhất là 16GB-512GB. Vậy anh em sẽ lựa chọn phiên bản nào, Asus ROG Phone 3 hay Asus ROG Phone 3 Strix? Cùng ad theo dõi video sau để có được sự lựa chọn chính xác cho bản thân nhé?\r\nĐại lý Asus ROG Phone 3 Elite (Strix Edition)- Gaming Phone giá rẻ nhất Hà Nội, Tp.HCM, Đà Nẵng. ROG Phone 3 Elite (Strix Edition) xách tay, BH 12 Tháng chính hãng.\r\nRa mắt song song với Asus ROG Phone 3 bản Snap 865+, bản Asus ROG Phone 3 Strix là phiên bản thấp hơn 1 chút với chip Snapdragon 865. Ngoài chip thấp hơn thì Asus ROG Phone 3 Elite vẫn sở hữu mọi thông số khủng nhất của dòng Gaming Phone tốt nhất hiện nay; ROG Phone! ', 2, 160, 220, 10950000, 500000, 10450000, '2023-02-02', 1, 2),
(60, 10, 'Điện thoại Asus ROG Phone 3 Tencent', 'asus8.jpg', 'Smartphone mới nhất của Asus là ROG Phone 3 đã gây xôn xao cộng đồng công nghệ với những tính năng hấp dẫn và những nâng cấp đáng kể so với phiên bản trước. Thiết bị này được ra mắt vào ngày 23 tháng 7 năm 2019 và có hiệu suất mạnh mẽ, màn hình AMOLED 6,59 inch với tốc độ làm mới 120Hz cho trải nghiệm chơi game hoàn hảo và hệ thống làm mát tiên tiến. ROG Phone 3 được coi là một trong những điện thoại thông minh chơi game cao cấp hàng đầu trên thị trường.', 'Màn hình:\r\nCả ROG Phone 2 và ROG Phone 3 đều sử dụng màn hình AMOLED để hiển thị hình ảnh đẹp. Tuy nhiên, ROG Phone 3 có nhiều cải tiến hơn so với phiên bản trước đó. Màn hình của ROG Phone 3 có tần số làm tươi 144Hz, cao hơn so với ROG Phone 2 chỉ có 120Hz. Điều này giúp ROG Phone thế hệ 2 hiển thị hình ảnh mượt mà và sắc nét hơn khi chơi game hoặc xem phim.\r\nHiệu năng:\r\nVới Snapdragon 865+ mạnh mẽ hơn đáng kể so với phiên bản đầu tiên, ROG Phone 3 có hiệu suất vượt trội. Với độ phân giải màn hình cao hơn, CPU xử lý nhanh hơn và GPU Adreno 650 với tần số đồng hồ cao hơn, tính năng chơi game của ROG Phone 3 được nâng cao đáng kể.\r\nCamera:\r\nVới camera chính 64MP được hỗ trợ bởi PDAF và Laser AF co hơn hẳn camera 48 MP trên phiên bản tiền nhiệm, ROG Phone 3 cho phép người dùng chụp ảnh với độ phân giải cao và chi tiết tối ưu. Chất lượng hình ảnh rực rỡ và sắc nét sẽ khiến bạn say mê. Ngoài ra, camera góc siêu rộng 13MP của ROG Phone 3 còn giúp bạn chụp được toàn bộ cảnh quan. Đồng thời bổ sung thêm camera camera 5 MP sẽ khiến khả năng chụp ảnh siêu cận cảnh của ROG Phone 3 ấn tượng hơn nhiều.\r\n', 2, 360, 300, 12450000, 1000000, 11450000, '2023-02-09', 1, 0),
(61, 1, 'Điện thoại Realme Narzo 50A Prime (Chính hãng)	', 'realme10.jpg', 'Một sản phẩm tương tự Narzo 50A và đang bán rất chạy đó là Realme 10 Pro Plus - Quý khách có thêm lựa chọn tốt nhất!\r\nLà phiên bản nâng cấp của Narzo 50A đã ra mắt trước đó, Narzo 50A Prime sở hữu nhiều điểm cải tiến ấn tượng, vậy sự khác biệt là gì, chúng ta sẽ cùng khám phá ngay sau đây.\r\nVề ngoại hình, Narzo 50A Prime đã được thay đổi hoàn toàn so với người tiền nhiệm, Narzo 50 sở hữu mặt lưng nhựa với thiết kế sọc chéo khá thu hút, các cạnh viền bo cong mềm mại, kích thước cụm camera khá lớn.', 'Thiết kế thời thượng, sắc màu trẻ trung\r\nCó thể thấy, Narzo 50A Prime sở hữu ngoại hình khá bắt trends với khung viền vuông vức, khiến người ta phải nhớ tới thương hiệu \"Táo cắn dở\", đây là điều không quá phổ biến trong phân khúc giá rẻ trên thị trường hiện tại.\r\nMàn hình hiển thị sắc nét, tối ưu mọi trải nghiệm:\r\nNarzo 50A Prime sở hữu thiết kế màn hình dạng giọt nước, tỷ lệ hiển thị cúa thân máy đạt 90.7% cho không gian trải nghiệm cực đã, không chỉ vậy, máy còn được trang bị tấm nền IPS LCD với kích thước 6.58 inches cùng độ phân giải Full HD+.\r\nTổng thể máy cũng chỉ dày 8.1mm và nặng 192.5 gram, để đạt được điều này là nhờ Realme không ngừng tối ưu hóa thành phần bên trong để đem lại một vẻ ngoài mỏng nhẹ cho thiết bị của mình. Cho đến thời điểm hiện tại, Narzo 50A Prime cũng là chiếc máy mỏng nhất của dòng Narzo.\r\nMặt lưng của sản phẩm được hoàn thiện từ chất liệu nhựa bóng, không hề có lớp nhám bên trên đem đến cho máy vẻ ngoài sang trọng hơn. Tuy nhiên, mặt lưng cũng dễ bám mồ hôi và dấu vân tay trong quá trình sử dụng, vì vậy chúng ta nên sử dụng ốp để trải nghiệm cầm nắm thoải mái hơn.', 2, 400, 340, 3350000, 200000, 3150000, '2023-02-02', 1, 2),
(62, 1, 'Điện thoại Realme Q5 5G (Snapdragon 695 5G)', 'realme11.jpg', 'Ngày 20/4/2022, Realme Q5 cùng với người đàn anh Q5 Pro đã chính thức được trình làng tại Trung Quốc. Máy sở hữu bộ thông số cấu hình ấn tượng với chip Qualcomm mạnh mẽ, pin trâu, sạc siêu nhanh, màn hình Full HD+ 120Hz mượt mà,...cùng với mức giá dưới 5 triệu khiến Realme Q5 trở thành một trong những chiếc máy thu hút sự quan tâm đông đảo người dùng.', 'Chip Snapdragon 695 5G:\r\nCung cấp sức mạnh cho máy là chip Snapdragon 695 5G với tiến trình 6nm, sở hữu cấu trúc 8 nhân CPU với 2 nhân chạy ở 2.2 GHz (Kryo 660 Gold) và 6 nhân Kryo 660 Silver xung nhip 1.7 GHz cho ra hiệu suất mạnh hơn 15% so với chip tiền nhiệm. Chip sở hữu GPU Adreno 619 cho sức mạnh tăng đến 30% so với chip thế hệ trước.\r\nCamera 50MP:\r\nỐng kính 50MP giúp chụp ảnh tốt hơn mọi chiếc điện thoại trong tầm giá dưới 5 triệu. Máy trang bị chế độ chụp ảnh thiếu sáng và ảnh đêm giúp dễ dàng lưu lại mọi khoảnh khắc mà không gặp vấn đề khó khăn gì.\r\nSạc 65W siêu nhanh:\r\nRealme trang bị cho Q5 công nghệ sạc nhanh độc quyền SuperDART với công suất lên tới 65W giúp sạc đầy viên pin của máy chỉ mất 48ph theo công bố của nhà sản xuất.', 2, 160, 320, 4950000, 600000, 4350000, '2023-02-02', 1, 2),
(63, 1, 'Điện thoại Realme 10 5G (Dimensity 700 - Màn 90Hz - RAM 8GB)', 'realme12.png', 'Điện thoại Realme 10 5G đã được công bố ra mắt sau hơn nửa năm kể từ khi chiếc Realme 9 được giới thiệu đến người dùng, hãng sản xuất smartphone đến từ Trung Quốc lại cho ra mắt phiên bản kế nhiệm mới mang đến sự thay đổi về mặt ngoại hình, đồng thời nâng cấp hiệu năng nhằm mang đến trải nghiệm tối ưu nhất cho người dùng trong phân khúc điện thoại tầm trung, giá rẻ. Thiết bị, mang tên Realme 10 5G ra mắt với chip tâm trung mạnh mẽ và thiết kế vuông vức đẹp mắt.', 'Thiết kế bóng bẩy, vuông vức, sang trọng\r\nRealme thế hệ 10 mới ra mắt chủ yếu tập trung vào thiết kế. Toàn bộ mặt sau được gia công cẩn thận để tạo ra bề mặt giống như kính mặc dù nó được làm bằng nhựa. Điện thoại di động Realme mới có hai màu đen và vàng, với bề mặt được xử lý sáng và hiệu ứng tia ánh sáng do camera phát ra rất độc đáo. Cụm ba camera được làm nổi lên riêng biệt khiến mặt lưng trông đơn giản nhưng hài hòa.\r\nChip và bộ nhớ:\r\nCấu hình của Realme thế hệ 10 5G có thể là không được chú ý nhiều khi năm 2022 vẫn trang bị vi xử lý Dimensity 700. Tuy nhiên, để có được thiết bị hỗ trợ 5G với mức giá rẻ đến người dùng thì Dimensity 700 là con chip rất phù hợp.GPU Mali-G57 tích hợp có bộ xử lý tiến trình 7nm và 8 nhân CPU xử lý mạnh mẽ lên đến 2,2 GHz mang lại hiệu năng ổn định, mượt mà, đồng thời tiết kiệm pin tối đa cho các tác vụ nặng nhất. Các nhiệm vụ rất phức tạp và tôi không gặp vấn đề gì khi chơi các trò chơi chất lượng cao.\r\n\r\n', 1, 260, 450, 6450000, 1600000, 4850000, '2023-02-07', 1, 1),
(64, 1, 'Điện thoại Realme GT Neo 2 (Snapdragon 870 - Sạc 65W)	', 'realme13.jpg', 'Siêu phẩm Realme GT Neo 2 được ra mắt với nhiều nâng cấp đáng giá mang đến trải nghiệm tuyệt vời cho người dùng. So với các máy cùng phân khúc smartphone này có hiệu năng vượt trội bởi chip Snapdragon đầu 8 cao cấp cùng hệ điều hành Realme UI mượt mà, ổn định khiến Realme GT Neo 2 có sức hút mạnh mẽ vô cùng. Vậy, chiếc máy này có gì nổi bật?', 'Chip Snapdragon 870\r\nSnapdragon 870 5G được sản xuất trên tiến trình 7nm với 8 nhân CPU có xung nhịp tối đa lên tới 3.2GHz. Với hiệu suất mạnh mẽ, nhiệt độ mát mẻ có thể phát huy hiệu suất cao trong thời gian dài. Khi được thử nghiệm so sánh với Snapdragon 865, chip này có mạnh hơn 12% về CPU tăng hiệu suất hơn 10%. Màn hình AMOLED E4 120Hz\r\nNâng cấp lớn tiếp theo của GT Neo 2 so với GT Neo thế hệ đầu là màn hình AMOLED E4 được cung cấp bởi Samsung. Đây là tấm nền chất lượng cao được rất nhiều smartphone cao cấp trang bị bởi những công nghệ tiên tiến được tích hợp như: tỷ lệ tương phản đạt 5000000:1, hỗ trợ Gam màu rộng 100% DCI-P3 và độ bão hòa màu Typ 106% NTSC. Realme GT Neo2 có những điểm nổi bật đáng giá chiếm được nhiều cảm tình của người dùng như chip Snapdragon 870 mạnh mẽ, hiệu suất ổn định, màn hình lớn kèm tấm nền AMOLED 120Hz đẹp và mượt mà và viên pin dung lượng cao lên tới 5000mAh. Đây chính là 3 nâng cấp lớn của chiếc điện thoại Realme này so với thế hệ trước.', 2, 160, 220, 6950000, 900000, 6050000, '2023-02-02', 1, 0),
(65, 1, 'Điện thoại Realme GT Neo 3 (Sạc 150W - Dimensity 8100)		', 'realme14.png', 'Điện thoại Realme GT Neo 3 150W là phiên bản khác của Realme GT Neo 3 tiêu chuẩn được ra mắt ngày 22 tháng 3 năm 2022. Tuy có thiết kế, chip, màn hình, camera hoàn toàn giống với Neo3 bản thường chỉ khác nhau về pin, sạc và dung lượng lưu trữ. Như tên gọi của nó, Realme GT Neo 3 150W với công suất sạc 150W nhanh nhất thế giới ở thời điểm ra mắt.', 'Sạc siêu nhanh 150W\r\nNgoài thiết kế và hiệu năng, sự xuất hiện của điện thoại GT Neo 3 đến từ Realme cũng đem đến một công nghệ sạc nhanh khủng khiếp 150W, dẫn đầu ngành công nghiệp thiết bị di động về trải nghiệm sạc nhanh trên toàn thế giới. Tại thời điểm ra mắt, đây chính là công nghệ sạc nhanh nhất thế giới mà chưa hãng nào có.\r\nChip & GPU:\r\nTrái tim của Neo 3 150W là bộ xử lý trung tâm Dimensity 8100 với tiến trình 5nm cho khả năng tiết kiệm điện năng hiệu quả vượt trội. Chip bao gồm 8 nhân với 4 nhân Cortex-A78 có xung nhịp 2,85 GHz cùng 4 nhân Cortex-A55 chạy ở tốc độ 2 GHz, với gần 200 nghìn điểm AuTuTu CPU cho khả năng xử lý các tác vụ từ nhẹ đến nặng mượt mà, nhanh chóng. GPU Mali-G610 MC6 cho ra điểm AnTuTu lên tới hơn 300 nghìn điêm, khiến việc xử lý hình ảnh sắc nét, hiệu ứng đẹp mắt.\r\nBộ nhớ:\r\nMáy được trang bị RAM LPDDR5 tốc độ siêu nhanh giúp người dùng đa nhiệm mượt mà nhanh chóng. Dung lượng RAM 8-12GB thoải mái mở nhiều ứng dụng mà không lo giật lag. Kết hợp với bộ nhớ trong UFS 3.1 256GB cho người dùng thoải mái lưu trữ dữ liệu, hình ảnh, video.', 1, 160, 400, 8450000, 1200000, 7250000, '2023-02-04', 1, 1);
INSERT INTO `sanpham` (`id`, `LoaiSP`, `TenSP`, `Avatar`, `MoTa`, `MoTaChiTiet`, `NhaCungCap`, `SoLuong`, `SoLuongMua`, `Gia`, `GiaGiam`, `GiaBan`, `NgayTao`, `TrangThai`, `level`) VALUES
(66, 1, 'Điện thoại Realme 11 Pro 5G (Dimensity 7050, Sạc 67W)	', 'realme15.jpg', 'Ngày 10/5/2023, Realme 11 Pro được trình làng, được đánh giá là một trong những chiếc điện thoại vô cùng ấn tượng. Với hiệu năng mạnh mẽ, màn hình đẹp, camera thông số cao, pin trâu kèm sạc siêu nhanh đặc biệt là thiết kế cực kỳ cao cấp và sang trọng. Chiếc điện thoại này đã nhận được rất nhiều sự quan tâm từ người dùng và người yêu công nghệ.  Hãy cùng MobileCity điểm qua những thông số, tính năng ấn tượng của Realme 11 Pro và cảm nhận chất lượng của sản phẩm.', 'Các điểm nâng cấp:\r\nSo với thế hệ tiền nhiệm là Realme 10 Pro 5G, sản phẩm mới của Realme có nhiều năng cấp, cải tiến đáng giá như hiệu năng được tăng cường do sử dụng con chip Dimensity tầm trung mới, cải thiện khả năng hiện thị với tấm nền AMOLED và tăng công suất sạc nhanh hơn gấp đôi. Hãy cùng tìm hiểu chi tiết ngay sau đây:\r\nTăng cường hiệu năng:\r\nKhi ra mắt, Realme 10 Pro sở hữu bộ xử lý Snapdragon 695 5G không được đánh giá cao, năm nay Realme đã trang bị cho mẫu điện thoại thế hệ 11 bản Pro của mình chip Dimensity 7050, đây là bản kế nhiệm của Dimensity 1080 đã được trang bị trên mẫu Realme 10 Pro+ trước đó.\r\nNâng cấp màn hình:\r\nRealme 10 Pro và 11 Pro là hai chiếc smartphone đang được rất nhiều người quan tâm và cân nhắc lựa chọn. Một trong những điểm quan tấm nhiều nhất chính là màn hình. Cả hai thiết bị di động đều có màn hình với độ phân giải 1080 x 2400 pixel, giúp tái tạo hình ảnh sắc nét cao. Tuy nhiên, 11 Pro 5G có kích thước màn hình nhỏ hơn chút xíu so với người tiền nhiệm, nên cho ra mật độ điểm ảnh cao hơn.', 2, 200, 120, 7450000, 1000000, 6450000, '2022-02-02', 1, 0),
(67, 1, 'Điện thoại Realme GT Neo 5 5G (Snapdragon 8+ Gen 1, sạc 150W)', 'realme17.jpg', 'Siêu phẩm Realme GT Neo 5 ra mắt với vai trò là bản kế nhiệm của GT Neo 3. Máy chạy chip Qualcomm cao cấp, màn hình OLED độ phân giải 1.5K, sạc nhanh nhất thế giới. Nhà sản xuất đã bỏ qua con số 4 được cho là không được may năm để đặt tên cho mẫu máy mới là Realme GT Neo 5 hứa hẹn sẽ chiếc máy bán chạy nhất năm 2023.', 'Chip Snapdragon 8+ Gen 1\r\nTrang bị chip Snapdragon 8+ Gen 1, GT Neo 5 đã nâng tầm thiết bị của mình lên phân khúc cận cao cấp trong mức giá tầm trung. Chip có cấu trúc 1-3-4 trong đó 1 nhân Cortex-X2 chạy ở xung nhịp 3.19GHz,  3 nhân hiệu năng trung bình có xung nhịp 2.75GHz Cortex-A710 và 4 lỡi Cortex-A510 tiết kiệm điện với 1.80GHz. Chip đi kèm GPU Adreno 730 cực kỳ mạnh mẽ.\r\nMàn AMOLED 144Hz:\r\nTấm nền trang bị cho màn hình của Neo 5 là AMOLED 1 tỷ màu, hỗ trợ HDR10+ mang đến chất lượng hình ảnh, màu sắc hiển thị tuyệt vời. Màn hình có tần số quét 144Hz cực cao ngang ngửa với các thiết bị gaming phone. Bạn có thể tùy chọn các mức 60Hz đến 144Hz.\r\nSạc siêu nhanh 150W:\r\nRealme phát triển độc quyền công nghệ sạc nhanh SuperDART có hiệu suất sạc vô cùng cao. Với công suất sạc 150W bạn chỉ mất từ 15-20 phút để sạc đầy viên pin 5000mAh.\r\n', 2, 180, 300, 9950000, 2000000, 7950000, '2023-01-02', 1, 0),
(68, 1, 'Điện thoại Realme C30', 'realme18.jpg', 'Realme đã cho ra mắt mẫu điện thoại giá rẻ mang tên Realme C30 vào tháng 6/2022. Đây được coi là chiếc máy kế nhiệm của Realme C20 đã xuất hiện vào đầu năm 2021. Hướng đến phân khúc giá rẻ, tuy nhiên Realme khá chăm chút cho sản phẩm của mình khi trang bị cho máy một cấu hình ổn định cùng với đó là vẻ bề ngoài cực kỳ ấn tượng.', 'Thiết kế bắt trend, ấn tượng:\r\nRealme C30 sở hữu ngoại hình vuông vức, bắt trend, tương tự thiết kế trên những chiếc điện thoại cao cấp hàng đầu như iPhone 13, Samsung Galaxy S22,... Mặt lưng máy gồm những hoạ tiết kẻ sọc tạo cảm giác cứng cáp và chắc chắn. Nổi bật ở mặt lưng này là module camera với chỉ 1 ống kính to bản và đèn flash, thực sự khác biệt và ấn tượng.\r\nHiệu năng ổn định, mượt mà:\r\nUnisoc T612 là chipset không còn xa lạ với người dùng trong phân khúc máy giá rẻ. Hiệu năng của con chip này là rất ổn định, phục vụ tốt các nhu cầu tác vụ cơ bản của người dùng, ngoài ra nó cũng có khả năng chơi những tựa game phổ thông một cách ổn định với mức setting phù hợp.\r\nViên pin 5000 mAh bền bỉ:\r\nVới viên pin 5000 mAh, thời lượng sử dụng trên Realme C30 có thể lên tới 2 ngày. Trong trường hợp người dùng sử dụng liên tục với các tác vụ giải trí, máy cũng cho thời gian hoạt động rất bền bỉ. Đây là một điểm cộng lớn trên một thiết bị giá rẻ như Realme C30.\r\n', 1, 300, 430, 2450000, 200000, 2250000, '2023-01-01', 1, 2),
(69, 5, 'Điện thoại iPhone 12 Pro Max Chính hãng (512GB)', 'iphone6.jpg', 'iPhone 12 Pro Max - Chính hãng, giá rẻ tại Hà Nội, Tp.HCM, Đà Nẵng. Đại lý điện thoại iPhone 12 Pro Max - uy tín số 1 tại Việt Nam.\r\niPhone 12 Pro Max Chính hãng không thay đổi trong thiết kế màn hình, vẫn là màn hình tai thỏ giống với phiên bản tiền nhiệm nhưng kích thước màn hình có thay đổi lớn hơn 1 chút. Màn hình của iPhone 12 Pro Max Chính hãng được trang bị là Super Retina XDR OLED 6.7\', với độ phân giải Full HD+ mang đến trải nghiệm vô cùng tốt cho người dùng.', 'Cấu hình khủng khiếp của iPhone 12 Pro Max:\r\n							\r\n							\r\n	                        	Apple cho ra 1 con quái vật mang tên iPhone 12 Pro Max với những thông số cấu hình khủng nhất trong Thế Giới Smart Phone. Sở hữu chipset mạnh mẽ nhất hiện nay Apple A14 Bionic, đi kèm RAM 6GB khiến hiệu năng và đa nhiệm của máy vô cùng tốt. Hệ điều hành mới nhất IOS 14 tối ưu cho trải nghiệm người dùng. \r\n							Khung viền thép không gỉ sang trọng và mặt kính tinh thể gốm trên iPhone 12 Pro Max:\r\n							\r\n							\r\n	                        	Thiết kế vuông vắn được cho là sự kết hợp giữa iPhone 11 và iPhone 5 trông rất đẹp, hài hòa. Viền máy được làm bằng thép không gỉ vượt trội hơn hẳn so với iPhone 12 Mini và iPhone 12 chỉ là khung nhôm. Bên trên lớp kính cường lực của máy có phủ 1 lớp tinh thể gốm \"Ceramic Shield\" bảo vệ màn hình chống vỡ hơn gấp 4 lần người tiền nhiệm.\r\n						iPhone 12 Pro Max được trang bị camera siêu nét và cảm biến LiDAR:\r\n							\r\n							\r\n	                        	Máy sở hữu cụm 3 camera bao gồm cảm biến chính 12MP góc rộng, cảm biến 12MP góc siêu rộng, cảm biến 12MP tele vượt trội hơn so với iPhone 12 Mini và iPhone 12 bản tiêu chuẩn. Công nghệ LiDAR được dùng để hỗ trợ lấy nét trong điều kiện sáng thấp. Theo Apple, khả năng lấy nét tự động khi chụp thiếu sáng nhanh hơn 6 lần. Nó cũng kích hoạt chế độ chụp chân dung ban đêm điều mà các dòng iPhone khác không thể làm được.', 2, 106, 14, 38500000, 7000000, 31500000, '2023-06-17', 1, 4),
(70, 4, 'Điện thoại Samsung Galaxy S23 Ultra 5G 256GB', 'samsung5.jpg', 'Samsung Galaxy S23 Ultra 5G 256GB là chiếc smartphone cao cấp nhất của nhà Samsung, sở hữu cấu hình không tưởng với con chip khủng được Qualcomm tối ưu riêng cho dòng Galaxy và camera lên đến 200 MP, xứng danh là chiếc flagship Android được mong đợi nhất trong năm 2023.', 'Tạo hình sang trọng đầy tinh tế:\r\nVề thiết kế thì Samsung Galaxy S23 Ultra sẽ tiếp tục thừa hưởng kiểu dáng sang trọng đến từ thế hệ trước, vẫn là bộ khung kim loại, mặt lưng kính cùng kiểu tạo hình bo cong nhẹ ở cạnh bên và màn hình.Về màu sắc, năm nay Samsung cũng đã cho ra các phiên bản màu như: Tím, kem, xanh và đen. Nhìn chung thì đây là những màu sắc cực kỳ sang trọng và lịch lãm, phù hợp cho các bạn trẻ năng động, mạnh mẽ và đặc biệt là những khách hàng đang là doanh nhân bởi ngoại hình đẳng cấp và thanh lịch.\r\n\r\nHiện trên tay mình là bản màu xanh đặc trưng của Samsung, màu này vừa đem đến sự trẻ trung tươi mới và cũng vừa mang trên mình một gam màu tối để có thể giữ được vẻ huyền bí đầy mê hoặc.Hiệu năng bức phá mọi giới hạn:\r\nTại thời điểm ra mắt sản phẩm, Galaxy S23 Ultra có thể xem là chiếc điện thoại Android sở hữu hiệu năng mạnh mẽ bậc nhất thị trường. Điều này là do Samsung đã trang bị con chip Snapdragon 8 Gen 2 tân tiến được nhà Qualcomm tối ưu riêng biệt cho dòng sản phẩm Galaxy S series, mang lại hiệu năng vượt trội so với Snapdragon 8 Gen 2 thông thường.\r\n\r\nTrước tiên là về phần trải nghiệm cơ bản với những tác vụ như: Xem phim, lướt web, chụp ảnh hay nghe gọi nhắn tin thì dường như máy không gặp phải bất kỳ khó khăn nào cả, mọi thứ đều được diễn ra suôn sẻ và hết sức mượt mà.', 1, 160, 0, 31990000, 6000000, 25990000, '2023-06-17', 1, 3),
(71, 4, 'Điện thoại Samsung Galaxy Z Fold4 5G (12GB | 512GB)', 'samsung6.jpg', 'Samsung Galaxy Z Fold4 5G 512GB là chiếc smartphone được ra mắt cùng Galaxy Flip4 5G, ở phiên bản lần này không có quá nhiều thay đổi về ngoại hình mà tập trung chủ yếu vào cấu hình giúp nâng tầm trải nghiệm của người dùng.Mặt trước Samsung Galaxy Z Fold4 5G 512GB là màn hình cực rộng tựa như một chiếc máy tính bảng đa năng, bạn có thể làm việc, học tập và ghi chú trực tiếp trên điện thoại nhờ bút S-Pen. Ngoài ra, smartphone có khả năng kháng nước đạt chuẩn IPX8 giúp bạn an tâm hơn khi đi dưới trời mưa.', 'Camera Samsung Galaxy Z Fold4 5G 512GB chất lượng cao:\r\nĐiện thoại Samsung Galaxy Z Fold4 5G 512GB mang đến hệ thống camera có camera chính độ phân giải 50MP, camera siêu rộng 12MP và camera tele 10MP đi kèm là các tính năng có “1-0-2” như chụp đêm Night Ography rõ như ban ngày, Chế độ FlexCam, Zoom quang học 3x, Zoom kỹ thuật số 30x,…chắc chắn sẽ cho ra lò loạt album bắt mắt và thu hút “triệu like”.\r\nHiệu năng Samsung Galaxy Fold4 5G 512GB “Khủng”\r\nSamsung Galaxy Z Fold4 5G 512GB được tích hợp con chip Snapdragon 8+ Gen 1 mạnh mẽ hàng đầu đi kèm là RAM 12GB đa nhiệm nhiều tác vụ cùng lúc, lướt web hay chơi game nặng đều xử lý gọn nhẹ và linh hoạt. Hơn hết, bộ nhớ “khủng” 512GB thoải mái lưu trữ tài liệu, file, hình ảnh, video…mà không lo hết dung lượng.Về viên pin, Galaxy Z Fold4 5G 512GB vẫn giữ nguyên thời lượng pin là 4400mAh vẫn đảm bảo cho bạn  sử dụng cả ngày với nhiều chế độ tiết kiệm pin và sạc nhanh, sạc không dây tiện lợi và nhanh chóng.Samsung Galaxy Z Fold4 5G 512GB vẫn trung thành với thiết kế tương tự Galaxy Fold3 5G nhưng bản lề được vác mỏng hơn giúp điện thoại trong gọn và nhẹ. Mặt lưng phẳng với khung viền từ Aluminum và kính cường lực giúp Galaxy Z Fold4 5G trở nên cứng cáp và bền bỉ hơn.', 4, 120, 0, 32900000, 5000000, 27900000, '2023-06-18', 1, 3);

--
-- Chỉ mục cho các bảng đã đổ
--

--
-- Chỉ mục cho bảng `account`
--
ALTER TABLE `account`
  ADD PRIMARY KEY (`id`);

--
-- Chỉ mục cho bảng `comment`
--
ALTER TABLE `comment`
  ADD PRIMARY KEY (`id_c`),
  ADD KEY `FK_comment_product` (`id_product`),
  ADD KEY `FK_comment_account` (`id_account`);

--
-- Chỉ mục cho bảng `donhang`
--
ALTER TABLE `donhang`
  ADD PRIMARY KEY (`id`),
  ADD KEY `Fk_donhang_account` (`id_account`),
  ADD KEY `Fk_donhang_magiamgia` (`id_magiamgia`);

--
-- Chỉ mục cho bảng `giohang`
--
ALTER TABLE `giohang`
  ADD PRIMARY KEY (`id`),
  ADD KEY `Fk_giohang_donhang` (`id_DonHang`),
  ADD KEY `FK_giohang_sp` (`id_SanPham`),
  ADD KEY `FK_giohang_account` (`id_account`);

--
-- Chỉ mục cho bảng `loaisanpham`
--
ALTER TABLE `loaisanpham`
  ADD PRIMARY KEY (`id`);

--
-- Chỉ mục cho bảng `magiamgia`
--
ALTER TABLE `magiamgia`
  ADD PRIMARY KEY (`id`);

--
-- Chỉ mục cho bảng `nhacungcap`
--
ALTER TABLE `nhacungcap`
  ADD PRIMARY KEY (`id`);

--
-- Chỉ mục cho bảng `phanhoi_comment`
--
ALTER TABLE `phanhoi_comment`
  ADD PRIMARY KEY (`id`),
  ADD KEY `Fk_PhanHoi_Comment` (`id_comment`);

--
-- Chỉ mục cho bảng `sanpham`
--
ALTER TABLE `sanpham`
  ADD PRIMARY KEY (`id`),
  ADD KEY `Fk_sanpham_loaisp` (`LoaiSP`),
  ADD KEY `Fk_sanpham_nhacc` (`NhaCungCap`);

--
-- AUTO_INCREMENT cho các bảng đã đổ
--

--
-- AUTO_INCREMENT cho bảng `account`
--
ALTER TABLE `account`
  MODIFY `id` int(11) NOT NULL AUTO_INCREMENT, AUTO_INCREMENT=10;

--
-- AUTO_INCREMENT cho bảng `comment`
--
ALTER TABLE `comment`
  MODIFY `id_c` int(11) NOT NULL AUTO_INCREMENT, AUTO_INCREMENT=37;

--
-- AUTO_INCREMENT cho bảng `donhang`
--
ALTER TABLE `donhang`
  MODIFY `id` int(11) NOT NULL AUTO_INCREMENT, AUTO_INCREMENT=70;

--
-- AUTO_INCREMENT cho bảng `giohang`
--
ALTER TABLE `giohang`
  MODIFY `id` int(11) NOT NULL AUTO_INCREMENT, AUTO_INCREMENT=168;

--
-- AUTO_INCREMENT cho bảng `loaisanpham`
--
ALTER TABLE `loaisanpham`
  MODIFY `id` int(11) NOT NULL AUTO_INCREMENT, AUTO_INCREMENT=11;

--
-- AUTO_INCREMENT cho bảng `magiamgia`
--
ALTER TABLE `magiamgia`
  MODIFY `id` int(11) NOT NULL AUTO_INCREMENT, AUTO_INCREMENT=9;

--
-- AUTO_INCREMENT cho bảng `nhacungcap`
--
ALTER TABLE `nhacungcap`
  MODIFY `id` int(11) NOT NULL AUTO_INCREMENT, AUTO_INCREMENT=12;

--
-- AUTO_INCREMENT cho bảng `phanhoi_comment`
--
ALTER TABLE `phanhoi_comment`
  MODIFY `id` int(11) NOT NULL AUTO_INCREMENT, AUTO_INCREMENT=6;

--
-- AUTO_INCREMENT cho bảng `sanpham`
--
ALTER TABLE `sanpham`
  MODIFY `id` int(11) NOT NULL AUTO_INCREMENT, AUTO_INCREMENT=86;

--
-- Các ràng buộc cho các bảng đã đổ
--

--
-- Các ràng buộc cho bảng `comment`
--
ALTER TABLE `comment`
  ADD CONSTRAINT `FK_comment_account` FOREIGN KEY (`id_account`) REFERENCES `account` (`id`),
  ADD CONSTRAINT `FK_comment_product` FOREIGN KEY (`id_product`) REFERENCES `sanpham` (`id`);

--
-- Các ràng buộc cho bảng `donhang`
--
ALTER TABLE `donhang`
  ADD CONSTRAINT `Fk_donhang_account` FOREIGN KEY (`id_account`) REFERENCES `account` (`id`),
  ADD CONSTRAINT `Fk_donhang_magiamgia` FOREIGN KEY (`id_magiamgia`) REFERENCES `magiamgia` (`id`);

--
-- Các ràng buộc cho bảng `giohang`
--
ALTER TABLE `giohang`
  ADD CONSTRAINT `FK_giohang_account` FOREIGN KEY (`id_account`) REFERENCES `account` (`id`),
  ADD CONSTRAINT `FK_giohang_sp` FOREIGN KEY (`id_SanPham`) REFERENCES `sanpham` (`id`),
  ADD CONSTRAINT `Fk_giohang_donhang` FOREIGN KEY (`id_DonHang`) REFERENCES `donhang` (`id`);

--
-- Các ràng buộc cho bảng `phanhoi_comment`
--
ALTER TABLE `phanhoi_comment`
  ADD CONSTRAINT `Fk_PhanHoi_Comment` FOREIGN KEY (`id_comment`) REFERENCES `comment` (`id_c`);

--
-- Các ràng buộc cho bảng `sanpham`
--
ALTER TABLE `sanpham`
  ADD CONSTRAINT `Fk_sanpham_loaisp` FOREIGN KEY (`LoaiSP`) REFERENCES `loaisanpham` (`id`),
  ADD CONSTRAINT `Fk_sanpham_nhacc` FOREIGN KEY (`NhaCungCap`) REFERENCES `nhacungcap` (`id`);
COMMIT;

/*!40101 SET CHARACTER_SET_CLIENT=@OLD_CHARACTER_SET_CLIENT */;
/*!40101 SET CHARACTER_SET_RESULTS=@OLD_CHARACTER_SET_RESULTS */;
/*!40101 SET COLLATION_CONNECTION=@OLD_COLLATION_CONNECTION */;
